"Status","Start Time","Stop Time","Duration in ms","Parent Suite","Suite","Sub Suite","Test Class","Test Method","Name","Description"
"passed","Mon Jul 20 07:16:03 IST 2020","Mon Jul 20 07:16:03 IST 2020","3","","Demo","Transripted_speech for english464","","","Transripted_speech for english464.mp3",""
"passed","Mon Jul 20 07:16:04 IST 2020","Mon Jul 20 07:16:04 IST 2020","4","","Demo","Transripted_speech for english33","","","Transripted_speech for english33.mp3",""
"failed","Mon Jul 20 07:16:05 IST 2020","Mon Jul 20 07:16:05 IST 2020","4","","Demo","Transripted_speech for english358","","","Transripted_speech for english358.mp3",""
"failed","Mon Jul 20 07:16:03 IST 2020","Mon Jul 20 07:16:03 IST 2020","4","","Demo","Transripted_speech for english335","","","Transripted_speech for english335.mp3",""
"passed","Mon Jul 20 07:16:03 IST 2020","Mon Jul 20 07:16:03 IST 2020","3","","Demo","Transripted_speech for english218","","","Transripted_speech for english218.mp3",""
"passed","Mon Jul 20 07:16:04 IST 2020","Mon Jul 20 07:16:04 IST 2020","4","","Demo","Transripted_speech for english411","","","Transripted_speech for english411.mp3",""
"passed","Mon Jul 20 07:16:03 IST 2020","Mon Jul 20 07:16:03 IST 2020","4","","Demo","Transripted_speech for english478","","","Transripted_speech for english478.mp3",""
"passed","Mon Jul 20 07:16:04 IST 2020","Mon Jul 20 07:16:04 IST 2020","3","","Demo","Transripted_speech for english565","","","Transripted_speech for english565.mp3",""
"passed","Mon Jul 20 07:16:04 IST 2020","Mon Jul 20 07:16:04 IST 2020","4","","Demo","Transripted_speech for english349","","","Transripted_speech for english349.mp3",""
"passed","Mon Jul 20 07:16:02 IST 2020","Mon Jul 20 07:16:02 IST 2020","3","","Demo","Transripted_speech for english223","","","Transripted_speech for english223.mp3",""
"passed","Mon Jul 20 07:16:03 IST 2020","Mon Jul 20 07:16:03 IST 2020","3","","Demo","Transripted_speech for english136","","","Transripted_speech for english136.mp3",""
"passed","Mon Jul 20 07:16:03 IST 2020","Mon Jul 20 07:16:03 IST 2020","3","","Demo","Transripted_speech for english251","","","Transripted_speech for english251.mp3",""
"passed","Mon Jul 20 07:16:03 IST 2020","Mon Jul 20 07:16:03 IST 2020","4","","Demo","Transripted_speech for english60","","","Transripted_speech for english60.mp3",""
"failed","Mon Jul 20 07:16:04 IST 2020","Mon Jul 20 07:16:04 IST 2020","5","","Demo","Transripted_speech for english261","","","Transripted_speech for english261.mp3",""
"passed","Mon Jul 20 07:16:02 IST 2020","Mon Jul 20 07:16:02 IST 2020","3","","Demo","Transripted_speech for english144","","","Transripted_speech for english144.mp3",""
"passed","Mon Jul 20 07:16:03 IST 2020","Mon Jul 20 07:16:03 IST 2020","4","","Demo","Transripted_speech for english442","","","Transripted_speech for english442.mp3",""
"passed","Mon Jul 20 07:16:03 IST 2020","Mon Jul 20 07:16:03 IST 2020","3","","Demo","Transripted_speech for english74","","","Transripted_speech for english74.mp3",""
"passed","Mon Jul 20 07:16:03 IST 2020","Mon Jul 20 07:16:03 IST 2020","4","","Demo","Transripted_speech for english483","","","Transripted_speech for english483.mp3",""
"passed","Mon Jul 20 07:16:04 IST 2020","Mon Jul 20 07:16:04 IST 2020","4","","Demo","Transripted_speech for english300","","","Transripted_speech for english300.mp3",""
"passed","Mon Jul 20 07:16:04 IST 2020","Mon Jul 20 07:16:04 IST 2020","3","","Demo","Transripted_speech for english515","","","Transripted_speech for english515.mp3",""
"passed","Mon Jul 20 07:16:05 IST 2020","Mon Jul 20 07:16:05 IST 2020","3","","Demo","Transripted_speech for english575","","","Transripted_speech for english575.mp3",""
"passed","Mon Jul 20 07:16:05 IST 2020","Mon Jul 20 07:16:05 IST 2020","3","","Demo","Transripted_speech for english359","","","Transripted_speech for english359.mp3",""
"failed","Mon Jul 20 07:16:02 IST 2020","Mon Jul 20 07:16:02 IST 2020","4","","Demo","Transripted_speech for english397","","","Transripted_speech for english397.mp3",""
"passed","Mon Jul 20 07:16:03 IST 2020","Mon Jul 20 07:16:03 IST 2020","4","","Demo","Transripted_speech for english521","","","Transripted_speech for english521.mp3",""
"passed","Mon Jul 20 07:16:03 IST 2020","Mon Jul 20 07:16:03 IST 2020","4","","Demo","Transripted_speech for english504","","","Transripted_speech for english504.mp3",""
"passed","Mon Jul 20 07:16:03 IST 2020","Mon Jul 20 07:16:03 IST 2020","3","","Demo","Transripted_speech for english88","","","Transripted_speech for english88.mp3",""
"passed","Mon Jul 20 07:16:03 IST 2020","Mon Jul 20 07:16:03 IST 2020","3","","Demo","Transripted_speech for english53","","","Transripted_speech for english53.mp3",""
"passed","Mon Jul 20 07:16:03 IST 2020","Mon Jul 20 07:16:03 IST 2020","4","","Demo","Transripted_speech for english330","","","Transripted_speech for english330.mp3",""
"passed","Mon Jul 20 07:16:04 IST 2020","Mon Jul 20 07:16:04 IST 2020","4","","Demo","Transripted_speech for english260","","","Transripted_speech for english260.mp3",""
"passed","Mon Jul 20 07:16:04 IST 2020","Mon Jul 20 07:16:04 IST 2020","4","","Demo","Transripted_speech for english46","","","Transripted_speech for english46.mp3",""
"passed","Mon Jul 20 07:16:03 IST 2020","Mon Jul 20 07:16:03 IST 2020","3","","Demo","Transripted_speech for english523","","","Transripted_speech for english523.mp3",""
"passed","Mon Jul 20 07:16:04 IST 2020","Mon Jul 20 07:16:04 IST 2020","4","","Demo","Transripted_speech for english160","","","Transripted_speech for english160.mp3",""
"passed","Mon Jul 20 07:16:04 IST 2020","Mon Jul 20 07:16:04 IST 2020","4","","Demo","Transripted_speech for english559","","","Transripted_speech for english559.mp3",""
"passed","Mon Jul 20 07:16:05 IST 2020","Mon Jul 20 07:16:05 IST 2020","3","","Demo","Transripted_speech for english574","","","Transripted_speech for english574.mp3",""
"passed","Mon Jul 20 07:16:04 IST 2020","Mon Jul 20 07:16:04 IST 2020","4","","Demo","Transripted_speech for english339","","","Transripted_speech for english339.mp3",""
"passed","Mon Jul 20 07:16:03 IST 2020","Mon Jul 20 07:16:03 IST 2020","3","","Demo","Transripted_speech for english72","","","Transripted_speech for english72.mp3",""
"passed","Mon Jul 20 07:16:03 IST 2020","Mon Jul 20 07:16:03 IST 2020","3","","Demo","Transripted_speech for english58","","","Transripted_speech for english58.mp3",""
"passed","Mon Jul 20 07:16:04 IST 2020","Mon Jul 20 07:16:04 IST 2020","3","","Demo","Transripted_speech for english1","","","Transripted_speech for english1.mp3",""
"passed","Mon Jul 20 07:16:04 IST 2020","Mon Jul 20 07:16:04 IST 2020","3","","Demo","Transripted_speech for english177","","","Transripted_speech for english177.mp3",""
"passed","Mon Jul 20 07:16:03 IST 2020","Mon Jul 20 07:16:03 IST 2020","3","","Demo","Transripted_speech for english49","","","Transripted_speech for english49.mp3",""
"failed","Mon Jul 20 07:16:04 IST 2020","Mon Jul 20 07:16:04 IST 2020","4","","Demo","Transripted_speech for english101","","","Transripted_speech for english101.mp3",""
"failed","Mon Jul 20 07:16:03 IST 2020","Mon Jul 20 07:16:03 IST 2020","18","","Demo","Transripted_speech for english470","","","Transripted_speech for english470.mp3",""
"failed","Mon Jul 20 07:16:02 IST 2020","Mon Jul 20 07:16:02 IST 2020","4","","Demo","Transripted_speech for english142","","","Transripted_speech for english142.mp3",""
"passed","Mon Jul 20 07:16:03 IST 2020","Mon Jul 20 07:16:03 IST 2020","3","","Demo","Transripted_speech for english231","","","Transripted_speech for english231.mp3",""
"failed","Mon Jul 20 07:16:05 IST 2020","Mon Jul 20 07:16:05 IST 2020","3","","Demo","Transripted_speech for english198","","","Transripted_speech for english198.mp3",""
"failed","Mon Jul 20 07:16:03 IST 2020","Mon Jul 20 07:16:03 IST 2020","4","","Demo","Transripted_speech for english15","","","Transripted_speech for english15.mp3",""
"passed","Mon Jul 20 07:16:05 IST 2020","Mon Jul 20 07:16:05 IST 2020","3","","Demo","Transripted_speech for english167","","","Transripted_speech for english167.mp3",""
"passed","Mon Jul 20 07:16:02 IST 2020","Mon Jul 20 07:16:02 IST 2020","3","","Demo","Transripted_speech for english145","","","Transripted_speech for english145.mp3",""
"passed","Mon Jul 20 07:16:03 IST 2020","Mon Jul 20 07:16:03 IST 2020","3","","Demo","Transripted_speech for english109","","","Transripted_speech for english109.mp3",""
"passed","Mon Jul 20 07:16:03 IST 2020","Mon Jul 20 07:16:03 IST 2020","3","","Demo","Transripted_speech for english531","","","Transripted_speech for english531.mp3",""
"passed","Mon Jul 20 07:16:03 IST 2020","Mon Jul 20 07:16:03 IST 2020","3","","Demo","Transripted_speech for english443","","","Transripted_speech for english443.mp3",""
"passed","Mon Jul 20 07:16:04 IST 2020","Mon Jul 20 07:16:04 IST 2020","4","","Demo","Transripted_speech for english248","","","Transripted_speech for english248.mp3",""
"passed","Mon Jul 20 07:16:03 IST 2020","Mon Jul 20 07:16:03 IST 2020","5","","Demo","Transripted_speech for english262","","","Transripted_speech for english262.mp3",""
"passed","Mon Jul 20 07:16:03 IST 2020","Mon Jul 20 07:16:03 IST 2020","3","","Demo","Transripted_speech for english490","","","Transripted_speech for english490.mp3",""
"passed","Mon Jul 20 07:16:04 IST 2020","Mon Jul 20 07:16:04 IST 2020","3","","Demo","Transripted_speech for english275","","","Transripted_speech for english275.mp3",""
"passed","Mon Jul 20 07:16:05 IST 2020","Mon Jul 20 07:16:05 IST 2020","3","","Demo","Transripted_speech for english416","","","Transripted_speech for english416.mp3",""
"passed","Mon Jul 20 07:16:04 IST 2020","Mon Jul 20 07:16:04 IST 2020","3","","Demo","Transripted_speech for english514","","","Transripted_speech for english514.mp3",""
"passed","Mon Jul 20 07:16:05 IST 2020","Mon Jul 20 07:16:05 IST 2020","3","","Demo","Transripted_speech for english211","","","Transripted_speech for english211.mp3",""
"passed","Mon Jul 20 07:16:03 IST 2020","Mon Jul 20 07:16:03 IST 2020","3","","Demo","Transripted_speech for english486","","","Transripted_speech for english486.mp3",""
"passed","Mon Jul 20 07:16:03 IST 2020","Mon Jul 20 07:16:03 IST 2020","3","","Demo","Transripted_speech for english64","","","Transripted_speech for english64.mp3",""
"passed","Mon Jul 20 07:16:02 IST 2020","Mon Jul 20 07:16:02 IST 2020","3","","Demo","Transripted_speech for english437","","","Transripted_speech for english437.mp3",""
"passed","Mon Jul 20 07:16:05 IST 2020","Mon Jul 20 07:16:05 IST 2020","3","","Demo","Transripted_speech for english402","","","Transripted_speech for english402.mp3",""
"passed","Mon Jul 20 07:16:04 IST 2020","Mon Jul 20 07:16:04 IST 2020","3","","Demo","Transripted_speech for english401","","","Transripted_speech for english401.mp3",""
"passed","Mon Jul 20 07:16:05 IST 2020","Mon Jul 20 07:16:05 IST 2020","4","","Demo","Transripted_speech for english172","","","Transripted_speech for english172.mp3",""
"passed","Mon Jul 20 07:16:04 IST 2020","Mon Jul 20 07:16:04 IST 2020","4","","Demo","Transripted_speech for english202","","","Transripted_speech for english202.mp3",""
"passed","Mon Jul 20 07:16:03 IST 2020","Mon Jul 20 07:16:03 IST 2020","3","","Demo","Transripted_speech for english336","","","Transripted_speech for english336.mp3",""
"passed","Mon Jul 20 07:16:04 IST 2020","Mon Jul 20 07:16:04 IST 2020","4","","Demo","Transripted_speech for english377","","","Transripted_speech for english377.mp3",""
"passed","Mon Jul 20 07:16:02 IST 2020","Mon Jul 20 07:16:02 IST 2020","4","","Demo","Transripted_speech for english194","","","Transripted_speech for english194.mp3",""
"passed","Mon Jul 20 07:16:04 IST 2020","Mon Jul 20 07:16:04 IST 2020","3","","Demo","Transripted_speech for english272","","","Transripted_speech for english272.mp3",""
"passed","Mon Jul 20 07:16:04 IST 2020","Mon Jul 20 07:16:04 IST 2020","4","","Demo","Transripted_speech for english174","","","Transripted_speech for english174.mp3",""
"passed","Mon Jul 20 07:16:04 IST 2020","Mon Jul 20 07:16:04 IST 2020","3","","Demo","Transripted_speech for english201","","","Transripted_speech for english201.mp3",""
"passed","Mon Jul 20 07:16:04 IST 2020","Mon Jul 20 07:16:04 IST 2020","4","","Demo","Transripted_speech for english93","","","Transripted_speech for english93.mp3",""
"passed","Mon Jul 20 07:16:04 IST 2020","Mon Jul 20 07:16:04 IST 2020","4","","Demo","Transripted_speech for english115","","","Transripted_speech for english115.mp3",""
"passed","Mon Jul 20 07:16:03 IST 2020","Mon Jul 20 07:16:03 IST 2020","3","","Demo","Transripted_speech for english65","","","Transripted_speech for english65.mp3",""
"failed","Mon Jul 20 07:16:03 IST 2020","Mon Jul 20 07:16:03 IST 2020","4","","Demo","Transripted_speech for english492","","","Transripted_speech for english492.mp3",""
"passed","Mon Jul 20 07:16:03 IST 2020","Mon Jul 20 07:16:03 IST 2020","3","","Demo","Transripted_speech for english134","","","Transripted_speech for english134.mp3",""
"failed","Mon Jul 20 07:16:04 IST 2020","Mon Jul 20 07:16:04 IST 2020","4","","Demo","Transripted_speech for english389","","","Transripted_speech for english389.mp3",""
"failed","Mon Jul 20 07:16:04 IST 2020","Mon Jul 20 07:16:04 IST 2020","4","","Demo","Transripted_speech for english415","","","Transripted_speech for english415.mp3",""
"failed","Mon Jul 20 07:16:04 IST 2020","Mon Jul 20 07:16:04 IST 2020","5","","Demo","Transripted_speech for english410","","","Transripted_speech for english410.mp3",""
"failed","Mon Jul 20 07:16:04 IST 2020","Mon Jul 20 07:16:04 IST 2020","4","","Demo","Transripted_speech for english42","","","Transripted_speech for english42.mp3",""
"passed","Mon Jul 20 07:16:03 IST 2020","Mon Jul 20 07:16:03 IST 2020","3","","Demo","Transripted_speech for english344","","","Transripted_speech for english344.mp3",""
"passed","Mon Jul 20 07:16:03 IST 2020","Mon Jul 20 07:16:03 IST 2020","3","","Demo","Transripted_speech for english293","","","Transripted_speech for english293.mp3",""
"passed","Mon Jul 20 07:16:02 IST 2020","Mon Jul 20 07:16:02 IST 2020","3","","Demo","Transripted_speech for english385","","","Transripted_speech for english385.mp3",""
"passed","Mon Jul 20 07:16:03 IST 2020","Mon Jul 20 07:16:03 IST 2020","4","","Demo","Transripted_speech for english337","","","Transripted_speech for english337.mp3",""
"passed","Mon Jul 20 07:16:04 IST 2020","Mon Jul 20 07:16:04 IST 2020","3","","Demo","Transripted_speech for english111","","","Transripted_speech for english111.mp3",""
"passed","Mon Jul 20 07:16:03 IST 2020","Mon Jul 20 07:16:03 IST 2020","4","","Demo","Transripted_speech for english482","","","Transripted_speech for english482.mp3",""
"passed","Mon Jul 20 07:16:04 IST 2020","Mon Jul 20 07:16:04 IST 2020","4","","Demo","Transripted_speech for english189","","","Transripted_speech for english189.mp3",""
"passed","Mon Jul 20 07:16:04 IST 2020","Mon Jul 20 07:16:04 IST 2020","3","","Demo","Transripted_speech for english43","","","Transripted_speech for english43.mp3",""
"passed","Mon Jul 20 07:16:04 IST 2020","Mon Jul 20 07:16:04 IST 2020","4","","Demo","Transripted_speech for english467","","","Transripted_speech for english467.mp3",""
"failed","Mon Jul 20 07:16:04 IST 2020","Mon Jul 20 07:16:04 IST 2020","4","","Demo","Transripted_speech for english139","","","Transripted_speech for english139.mp3",""
"passed","Mon Jul 20 07:16:03 IST 2020","Mon Jul 20 07:16:03 IST 2020","3","","Demo","Transripted_speech for english244","","","Transripted_speech for english244.mp3",""
"passed","Mon Jul 20 07:16:03 IST 2020","Mon Jul 20 07:16:03 IST 2020","3","","Demo","Transripted_speech for english269","","","Transripted_speech for english269.mp3",""
"passed","Mon Jul 20 07:16:05 IST 2020","Mon Jul 20 07:16:05 IST 2020","3","","Demo","Transripted_speech for english213","","","Transripted_speech for english213.mp3",""
"passed","Mon Jul 20 07:16:02 IST 2020","Mon Jul 20 07:16:02 IST 2020","3","","Demo","Transripted_speech for english222","","","Transripted_speech for english222.mp3",""
"passed","Mon Jul 20 07:16:03 IST 2020","Mon Jul 20 07:16:03 IST 2020","3","","Demo","Transripted_speech for english520","","","Transripted_speech for english520.mp3",""
"passed","Mon Jul 20 07:16:04 IST 2020","Mon Jul 20 07:16:04 IST 2020","3","","Demo","Transripted_speech for english474","","","Transripted_speech for english474.mp3",""
"passed","Mon Jul 20 07:16:04 IST 2020","Mon Jul 20 07:16:04 IST 2020","3","","Demo","Transripted_speech for english438","","","Transripted_speech for english438.mp3",""
"passed","Mon Jul 20 07:16:03 IST 2020","Mon Jul 20 07:16:03 IST 2020","3","","Demo","Transripted_speech for english9","","","Transripted_speech for english9.mp3",""
"passed","Mon Jul 20 07:16:02 IST 2020","Mon Jul 20 07:16:02 IST 2020","6","","Demo","Transripted_speech for english424","","","Transripted_speech for english424.mp3",""
"passed","Mon Jul 20 07:16:02 IST 2020","Mon Jul 20 07:16:02 IST 2020","4","","Demo","Transripted_speech for english384","","","Transripted_speech for english384.mp3",""
"passed","Mon Jul 20 07:16:02 IST 2020","Mon Jul 20 07:16:02 IST 2020","3","","Demo","Transripted_speech for english233","","","Transripted_speech for english233.mp3",""
"passed","Mon Jul 20 07:16:04 IST 2020","Mon Jul 20 07:16:04 IST 2020","4","","Demo","Transripted_speech for english329","","","Transripted_speech for english329.mp3",""
"failed","Mon Jul 20 07:16:03 IST 2020","Mon Jul 20 07:16:03 IST 2020","4","","Demo","Transripted_speech for english518","","","Transripted_speech for english518.mp3",""
"passed","Mon Jul 20 07:16:05 IST 2020","Mon Jul 20 07:16:05 IST 2020","4","","Demo","Transripted_speech for english414","","","Transripted_speech for english414.mp3",""
"passed","Mon Jul 20 07:16:02 IST 2020","Mon Jul 20 07:16:02 IST 2020","3","","Demo","Transripted_speech for english347","","","Transripted_speech for english347.mp3",""
"passed","Mon Jul 20 07:16:02 IST 2020","Mon Jul 20 07:16:02 IST 2020","4","","Demo","Transripted_speech for english369","","","Transripted_speech for english369.mp3",""
"passed","Mon Jul 20 07:16:04 IST 2020","Mon Jul 20 07:16:04 IST 2020","4","","Demo","Transripted_speech for english4","","","Transripted_speech for english4.mp3",""
"passed","Mon Jul 20 07:16:03 IST 2020","Mon Jul 20 07:16:03 IST 2020","3","","Demo","Transripted_speech for english241","","","Transripted_speech for english241.mp3",""
"passed","Mon Jul 20 07:16:03 IST 2020","Mon Jul 20 07:16:03 IST 2020","3","","Demo","Transripted_speech for english6","","","Transripted_speech for english6.mp3",""
"passed","Mon Jul 20 07:16:04 IST 2020","Mon Jul 20 07:16:04 IST 2020","3","","Demo","Transripted_speech for english462","","","Transripted_speech for english462.mp3",""
"passed","Mon Jul 20 07:16:04 IST 2020","Mon Jul 20 07:16:04 IST 2020","3","","Demo","Transripted_speech for english265","","","Transripted_speech for english265.mp3",""
"passed","Mon Jul 20 07:16:03 IST 2020","Mon Jul 20 07:16:03 IST 2020","3","","Demo","Transripted_speech for english510","","","Transripted_speech for english510.mp3",""
"passed","Mon Jul 20 07:16:04 IST 2020","Mon Jul 20 07:16:04 IST 2020","3","","Demo","Transripted_speech for english161","","","Transripted_speech for english161.mp3",""
"passed","Mon Jul 20 07:16:02 IST 2020","Mon Jul 20 07:16:02 IST 2020","4","","Demo","Transripted_speech for english427","","","Transripted_speech for english427.mp3",""
"passed","Mon Jul 20 07:16:04 IST 2020","Mon Jul 20 07:16:04 IST 2020","3","","Demo","Transripted_speech for english405","","","Transripted_speech for english405.mp3",""
"passed","Mon Jul 20 07:16:03 IST 2020","Mon Jul 20 07:16:03 IST 2020","4","","Demo","Transripted_speech for english127","","","Transripted_speech for english127.mp3",""
"failed","Mon Jul 20 07:16:05 IST 2020","Mon Jul 20 07:16:05 IST 2020","3","","Demo","Transripted_speech for english210","","","Transripted_speech for english210.mp3",""
"passed","Mon Jul 20 07:16:03 IST 2020","Mon Jul 20 07:16:03 IST 2020","3","","Demo","Transripted_speech for english124","","","Transripted_speech for english124.mp3",""
"passed","Mon Jul 20 07:16:04 IST 2020","Mon Jul 20 07:16:04 IST 2020","4","","Demo","Transripted_speech for english517","","","Transripted_speech for english517.mp3",""
"passed","Mon Jul 20 07:16:03 IST 2020","Mon Jul 20 07:16:03 IST 2020","4","","Demo","Transripted_speech for english451","","","Transripted_speech for english451.mp3",""
"passed","Mon Jul 20 07:16:03 IST 2020","Mon Jul 20 07:16:03 IST 2020","3","","Demo","Transripted_speech for english325","","","Transripted_speech for english325.mp3",""
"passed","Mon Jul 20 07:16:03 IST 2020","Mon Jul 20 07:16:03 IST 2020","5","","Demo","Transripted_speech for english326","","","Transripted_speech for english326.mp3",""
"passed","Mon Jul 20 07:16:02 IST 2020","Mon Jul 20 07:16:02 IST 2020","4","","Demo","Transripted_speech for english232","","","Transripted_speech for english232.mp3",""
"passed","Mon Jul 20 07:16:04 IST 2020","Mon Jul 20 07:16:04 IST 2020","3","","Demo","Transripted_speech for english313","","","Transripted_speech for english313.mp3",""
"passed","Mon Jul 20 07:16:03 IST 2020","Mon Jul 20 07:16:03 IST 2020","4","","Demo","Transripted_speech for english542","","","Transripted_speech for english542.mp3",""
"passed","Mon Jul 20 07:16:05 IST 2020","Mon Jul 20 07:16:05 IST 2020","3","","Demo","Transripted_speech for english560","","","Transripted_speech for english560.mp3",""
"passed","Mon Jul 20 07:16:05 IST 2020","Mon Jul 20 07:16:05 IST 2020","3","","Demo","Transripted_speech for english371","","","Transripted_speech for english371.mp3",""
"failed","Mon Jul 20 07:16:03 IST 2020","Mon Jul 20 07:16:03 IST 2020","4","","Demo","Transripted_speech for english456","","","Transripted_speech for english456.mp3",""
"passed","Mon Jul 20 07:16:03 IST 2020","Mon Jul 20 07:16:03 IST 2020","3","","Demo","Transripted_speech for english557","","","Transripted_speech for english557.mp3",""
"passed","Mon Jul 20 07:16:04 IST 2020","Mon Jul 20 07:16:04 IST 2020","3","","Demo","Transripted_speech for english55","","","Transripted_speech for english55.mp3",""
"passed","Mon Jul 20 07:16:03 IST 2020","Mon Jul 20 07:16:03 IST 2020","3","","Demo","Transripted_speech for english191","","","Transripted_speech for english191.mp3",""
"failed","Mon Jul 20 07:16:04 IST 2020","Mon Jul 20 07:16:04 IST 2020","4","","Demo","Transripted_speech for english465","","","Transripted_speech for english465.mp3",""
"failed","Mon Jul 20 07:16:03 IST 2020","Mon Jul 20 07:16:03 IST 2020","4","","Demo","Transripted_speech for english278","","","Transripted_speech for english278.mp3",""
"passed","Mon Jul 20 07:16:04 IST 2020","Mon Jul 20 07:16:04 IST 2020","3","","Demo","Transripted_speech for english407","","","Transripted_speech for english407.mp3",""
"failed","Mon Jul 20 07:16:03 IST 2020","Mon Jul 20 07:16:03 IST 2020","4","","Demo","Transripted_speech for english440","","","Transripted_speech for english440.mp3",""
"passed","Mon Jul 20 07:16:05 IST 2020","Mon Jul 20 07:16:05 IST 2020","3","","Demo","Transripted_speech for english20","","","Transripted_speech for english20.mp3",""
"passed","Mon Jul 20 07:16:04 IST 2020","Mon Jul 20 07:16:04 IST 2020","3","","Demo","Transripted_speech for english92","","","Transripted_speech for english92.mp3",""
"failed","Mon Jul 20 07:16:02 IST 2020","Mon Jul 20 07:16:02 IST 2020","3","","Demo","Transripted_speech for english554","","","Transripted_speech for english554.mp3",""
"failed","Mon Jul 20 07:16:02 IST 2020","Mon Jul 20 07:16:02 IST 2020","3","","Demo","Transripted_speech for english430","","","Transripted_speech for english430.mp3",""
"failed","Mon Jul 20 07:16:05 IST 2020","Mon Jul 20 07:16:05 IST 2020","4","","Demo","Transripted_speech for english417","","","Transripted_speech for english417.mp3",""
"passed","Mon Jul 20 07:16:04 IST 2020","Mon Jul 20 07:16:04 IST 2020","3","","Demo","Transripted_speech for english104","","","Transripted_speech for english104.mp3",""
"passed","Mon Jul 20 07:16:03 IST 2020","Mon Jul 20 07:16:03 IST 2020","4","","Demo","Transripted_speech for english256","","","Transripted_speech for english256.mp3",""
"passed","Mon Jul 20 07:16:03 IST 2020","Mon Jul 20 07:16:03 IST 2020","3","","Demo","Transripted_speech for english185","","","Transripted_speech for english185.mp3",""
"passed","Mon Jul 20 07:16:04 IST 2020","Mon Jul 20 07:16:04 IST 2020","4","","Demo","Transripted_speech for english26","","","Transripted_speech for english26.mp3",""
"failed","Mon Jul 20 07:16:02 IST 2020","Mon Jul 20 07:16:02 IST 2020","4","","Demo","Transripted_speech for english154","","","Transripted_speech for english154.mp3",""
"passed","Mon Jul 20 07:16:05 IST 2020","Mon Jul 20 07:16:05 IST 2020","3","","Demo","Transripted_speech for english576","","","Transripted_speech for english576.mp3",""
"passed","Mon Jul 20 07:16:04 IST 2020","Mon Jul 20 07:16:04 IST 2020","3","","Demo","Transripted_speech for english271","","","Transripted_speech for english271.mp3",""
"passed","Mon Jul 20 07:16:02 IST 2020","Mon Jul 20 07:16:02 IST 2020","4","","Demo","Transripted_speech for english386","","","Transripted_speech for english386.mp3",""
"failed","Mon Jul 20 07:16:04 IST 2020","Mon Jul 20 07:16:04 IST 2020","3","","Demo","Transripted_speech for english83","","","Transripted_speech for english83.mp3",""
"passed","Mon Jul 20 07:16:05 IST 2020","Mon Jul 20 07:16:05 IST 2020","3","","Demo","Transripted_speech for english563","","","Transripted_speech for english563.mp3",""
"passed","Mon Jul 20 07:16:03 IST 2020","Mon Jul 20 07:16:03 IST 2020","3","","Demo","Transripted_speech for english309","","","Transripted_speech for english309.mp3",""
"passed","Mon Jul 20 07:16:02 IST 2020","Mon Jul 20 07:16:02 IST 2020","4","","Demo","Transripted_speech for english395","","","Transripted_speech for english395.mp3",""
"passed","Mon Jul 20 07:16:02 IST 2020","Mon Jul 20 07:16:02 IST 2020","3","","Demo","Transripted_speech for english226","","","Transripted_speech for english226.mp3",""
"passed","Mon Jul 20 07:16:04 IST 2020","Mon Jul 20 07:16:04 IST 2020","3","","Demo","Transripted_speech for english328","","","Transripted_speech for english328.mp3",""
"failed","Mon Jul 20 07:16:03 IST 2020","Mon Jul 20 07:16:03 IST 2020","4","","Demo","Transripted_speech for english100","","","Transripted_speech for english100.mp3",""
"passed","Mon Jul 20 07:16:04 IST 2020","Mon Jul 20 07:16:04 IST 2020","4","","Demo","Transripted_speech for english54","","","Transripted_speech for english54.mp3",""
"passed","Mon Jul 20 07:16:02 IST 2020","Mon Jul 20 07:16:02 IST 2020","3","","Demo","Transripted_speech for english540","","","Transripted_speech for english540.mp3",""
"failed","Mon Jul 20 07:16:04 IST 2020","Mon Jul 20 07:16:04 IST 2020","5","","Demo","Transripted_speech for english249","","","Transripted_speech for english249.mp3",""
"passed","Mon Jul 20 07:16:04 IST 2020","Mon Jul 20 07:16:04 IST 2020","4","","Demo","Transripted_speech for english315","","","Transripted_speech for english315.mp3",""
"passed","Mon Jul 20 07:16:03 IST 2020","Mon Jul 20 07:16:03 IST 2020","3","","Demo","Transripted_speech for english121","","","Transripted_speech for english121.mp3",""
"passed","Mon Jul 20 07:16:02 IST 2020","Mon Jul 20 07:16:02 IST 2020","5","","Demo","Transripted_speech for english10","","","Transripted_speech for english10.mp3",""
"passed","Mon Jul 20 07:16:02 IST 2020","Mon Jul 20 07:16:02 IST 2020","3","","Demo","Transripted_speech for english343","","","Transripted_speech for english343.mp3",""
"passed","Mon Jul 20 07:16:02 IST 2020","Mon Jul 20 07:16:02 IST 2020","3","","Demo","Transripted_speech for english180","","","Transripted_speech for english180.mp3",""
"passed","Mon Jul 20 07:16:04 IST 2020","Mon Jul 20 07:16:04 IST 2020","4","","Demo","Transripted_speech for english163","","","Transripted_speech for english163.mp3",""
"passed","Mon Jul 20 07:16:03 IST 2020","Mon Jul 20 07:16:03 IST 2020","4","","Demo","Transripted_speech for english257","","","Transripted_speech for english257.mp3",""
"passed","Mon Jul 20 07:16:03 IST 2020","Mon Jul 20 07:16:03 IST 2020","3","","Demo","Transripted_speech for english47","","","Transripted_speech for english47.mp3",""
"passed","Mon Jul 20 07:16:03 IST 2020","Mon Jul 20 07:16:03 IST 2020","3","","Demo","Transripted_speech for english333","","","Transripted_speech for english333.mp3",""
"passed","Mon Jul 20 07:16:04 IST 2020","Mon Jul 20 07:16:04 IST 2020","3","","Demo","Transripted_speech for english105","","","Transripted_speech for english105.mp3",""
"passed","Mon Jul 20 07:16:05 IST 2020","Mon Jul 20 07:16:05 IST 2020","3","","Demo","Transripted_speech for english35","","","Transripted_speech for english35.mp3",""
"passed","Mon Jul 20 07:16:05 IST 2020","Mon Jul 20 07:16:05 IST 2020","3","","Demo","Transripted_speech for english165","","","Transripted_speech for english165.mp3",""
"passed","Mon Jul 20 07:16:03 IST 2020","Mon Jul 20 07:16:03 IST 2020","4","","Demo","Transripted_speech for english246","","","Transripted_speech for english246.mp3",""
"passed","Mon Jul 20 07:16:04 IST 2020","Mon Jul 20 07:16:04 IST 2020","4","","Demo","Transripted_speech for english360","","","Transripted_speech for english360.mp3",""
"passed","Mon Jul 20 07:16:04 IST 2020","Mon Jul 20 07:16:04 IST 2020","3","","Demo","Transripted_speech for english273","","","Transripted_speech for english273.mp3",""
"passed","Mon Jul 20 07:16:05 IST 2020","Mon Jul 20 07:16:05 IST 2020","3","","Demo","Transripted_speech for english207","","","Transripted_speech for english207.mp3",""
"passed","Mon Jul 20 07:16:04 IST 2020","Mon Jul 20 07:16:04 IST 2020","3","","Demo","Transripted_speech for english506","","","Transripted_speech for english506.mp3",""
"passed","Mon Jul 20 07:16:03 IST 2020","Mon Jul 20 07:16:03 IST 2020","4","","Demo","Transripted_speech for english295","","","Transripted_speech for english295.mp3",""
"passed","Mon Jul 20 07:16:04 IST 2020","Mon Jul 20 07:16:04 IST 2020","3","","Demo","Transripted_speech for english567","","","Transripted_speech for english567.mp3",""
"passed","Mon Jul 20 07:16:03 IST 2020","Mon Jul 20 07:16:03 IST 2020","3","","Demo","Transripted_speech for english133","","","Transripted_speech for english133.mp3",""
"passed","Mon Jul 20 07:16:02 IST 2020","Mon Jul 20 07:16:02 IST 2020","3","","Demo","Transripted_speech for english541","","","Transripted_speech for english541.mp3",""
"failed","Mon Jul 20 07:16:04 IST 2020","Mon Jul 20 07:16:04 IST 2020","4","","Demo","Transripted_speech for english110","","","Transripted_speech for english110.mp3",""
"passed","Mon Jul 20 07:16:04 IST 2020","Mon Jul 20 07:16:04 IST 2020","4","","Demo","Transripted_speech for english472","","","Transripted_speech for english472.mp3",""
"passed","Mon Jul 20 07:16:03 IST 2020","Mon Jul 20 07:16:03 IST 2020","3","","Demo","Transripted_speech for english480","","","Transripted_speech for english480.mp3",""
"passed","Mon Jul 20 07:16:02 IST 2020","Mon Jul 20 07:16:02 IST 2020","3","","Demo","Transripted_speech for english140","","","Transripted_speech for english140.mp3",""
"passed","Mon Jul 20 07:16:02 IST 2020","Mon Jul 20 07:16:02 IST 2020","3","","Demo","Transripted_speech for english156","","","Transripted_speech for english156.mp3",""
"passed","Mon Jul 20 07:16:02 IST 2020","Mon Jul 20 07:16:02 IST 2020","4","","Demo","Transripted_speech for english39","","","Transripted_speech for english39.mp3",""
"failed","Mon Jul 20 07:16:03 IST 2020","Mon Jul 20 07:16:03 IST 2020","4","","Demo","Transripted_speech for english350","","","Transripted_speech for english350.mp3",""
"failed","Mon Jul 20 07:16:04 IST 2020","Mon Jul 20 07:16:04 IST 2020","4","","Demo","Transripted_speech for english363","","","Transripted_speech for english363.mp3",""
"passed","Mon Jul 20 07:16:03 IST 2020","Mon Jul 20 07:16:03 IST 2020","3","","Demo","Transripted_speech for english67","","","Transripted_speech for english67.mp3",""
"passed","Mon Jul 20 07:16:03 IST 2020","Mon Jul 20 07:16:03 IST 2020","3","","Demo","Transripted_speech for english146","","","Transripted_speech for english146.mp3",""
"failed","Mon Jul 20 07:16:03 IST 2020","Mon Jul 20 07:16:03 IST 2020","3","","Demo","Transripted_speech for english255","","","Transripted_speech for english255.mp3",""
"passed","Mon Jul 20 07:16:04 IST 2020","Mon Jul 20 07:16:04 IST 2020","4","","Demo","Transripted_speech for english82","","","Transripted_speech for english82.mp3",""
"passed","Mon Jul 20 07:16:04 IST 2020","Mon Jul 20 07:16:04 IST 2020","4","","Demo","Transripted_speech for english298","","","Transripted_speech for english298.mp3",""
"failed","Mon Jul 20 07:16:03 IST 2020","Mon Jul 20 07:16:03 IST 2020","4","","Demo","Transripted_speech for english252","","","Transripted_speech for english252.mp3",""
"passed","Mon Jul 20 07:16:03 IST 2020","Mon Jul 20 07:16:03 IST 2020","4","","Demo","Transripted_speech for english8","","","Transripted_speech for english8.mp3",""
"failed","Mon Jul 20 07:16:05 IST 2020","Mon Jul 20 07:16:05 IST 2020","4","","Demo","Transripted_speech for english366","","","Transripted_speech for english366.mp3",""
"failed","Mon Jul 20 07:16:03 IST 2020","Mon Jul 20 07:16:03 IST 2020","3","","Demo","Transripted_speech for english332","","","Transripted_speech for english332.mp3",""
"passed","Mon Jul 20 07:16:04 IST 2020","Mon Jul 20 07:16:04 IST 2020","4","","Demo","Transripted_speech for english188","","","Transripted_speech for english188.mp3",""
"failed","Mon Jul 20 07:16:04 IST 2020","Mon Jul 20 07:16:04 IST 2020","3","","Demo","Transripted_speech for english57","","","Transripted_speech for english57.mp3",""
"passed","Mon Jul 20 07:16:04 IST 2020","Mon Jul 20 07:16:04 IST 2020","3","","Demo","Transripted_speech for english375","","","Transripted_speech for english375.mp3",""
"passed","Mon Jul 20 07:16:03 IST 2020","Mon Jul 20 07:16:03 IST 2020","3","","Demo","Transripted_speech for english484","","","Transripted_speech for english484.mp3",""
"passed","Mon Jul 20 07:16:04 IST 2020","Mon Jul 20 07:16:04 IST 2020","4","","Demo","Transripted_speech for english117","","","Transripted_speech for english117.mp3",""
"passed","Mon Jul 20 07:16:05 IST 2020","Mon Jul 20 07:16:05 IST 2020","3","","Demo","Transripted_speech for english577","","","Transripted_speech for english577.mp3",""
"passed","Mon Jul 20 07:16:02 IST 2020","Mon Jul 20 07:16:02 IST 2020","3","","Demo","Transripted_speech for english432","","","Transripted_speech for english432.mp3",""
"passed","Mon Jul 20 07:16:03 IST 2020","Mon Jul 20 07:16:03 IST 2020","3","","Demo","Transripted_speech for english318","","","Transripted_speech for english318.mp3",""
"passed","Mon Jul 20 07:16:02 IST 2020","Mon Jul 20 07:16:02 IST 2020","4","","Demo","Transripted_speech for english183","","","Transripted_speech for english183.mp3",""
"passed","Mon Jul 20 07:16:02 IST 2020","Mon Jul 20 07:16:02 IST 2020","3","","Demo","Transripted_speech for english209","","","Transripted_speech for english209.mp3",""
"passed","Mon Jul 20 07:16:03 IST 2020","Mon Jul 20 07:16:03 IST 2020","4","","Demo","Transripted_speech for english446","","","Transripted_speech for english446.mp3",""
"passed","Mon Jul 20 07:16:02 IST 2020","Mon Jul 20 07:16:02 IST 2020","3","","Demo","Transripted_speech for english394","","","Transripted_speech for english394.mp3",""
"passed","Mon Jul 20 07:16:03 IST 2020","Mon Jul 20 07:16:03 IST 2020","4","","Demo","Transripted_speech for english287","","","Transripted_speech for english287.mp3",""
"failed","Mon Jul 20 07:16:05 IST 2020","Mon Jul 20 07:16:05 IST 2020","4","","Demo","Transripted_speech for english548","","","Transripted_speech for english548.mp3",""
"passed","Mon Jul 20 07:16:05 IST 2020","Mon Jul 20 07:16:05 IST 2020","3","","Demo","Transripted_speech for english159","","","Transripted_speech for english159.mp3",""
"failed","Mon Jul 20 07:16:03 IST 2020","Mon Jul 20 07:16:03 IST 2020","3","","Demo","Transripted_speech for english250","","","Transripted_speech for english250.mp3",""
"passed","Mon Jul 20 07:16:02 IST 2020","Mon Jul 20 07:16:02 IST 2020","4","","Demo","Transripted_speech for english227","","","Transripted_speech for english227.mp3",""
"passed","Mon Jul 20 07:16:02 IST 2020","Mon Jul 20 07:16:02 IST 2020","3","","Demo","Transripted_speech for english237","","","Transripted_speech for english237.mp3",""
"passed","Mon Jul 20 07:16:03 IST 2020","Mon Jul 20 07:16:03 IST 2020","4","","Demo","Transripted_speech for english119","","","Transripted_speech for english119.mp3",""
"failed","Mon Jul 20 07:16:02 IST 2020","Mon Jul 20 07:16:02 IST 2020","4","","Demo","Transripted_speech for english545","","","Transripted_speech for english545.mp3",""
"failed","Mon Jul 20 07:16:02 IST 2020","Mon Jul 20 07:16:02 IST 2020","6","","Demo","Transripted_speech for english552","","","Transripted_speech for english552.mp3",""
"passed","Mon Jul 20 07:16:04 IST 2020","Mon Jul 20 07:16:04 IST 2020","3","","Demo","Transripted_speech for english488","","","Transripted_speech for english488.mp3",""
"passed","Mon Jul 20 07:16:03 IST 2020","Mon Jul 20 07:16:03 IST 2020","3","","Demo","Transripted_speech for english522","","","Transripted_speech for english522.mp3",""
"passed","Mon Jul 20 07:16:02 IST 2020","Mon Jul 20 07:16:02 IST 2020","3","","Demo","Transripted_speech for english390","","","Transripted_speech for english390.mp3",""
"failed","Mon Jul 20 07:16:04 IST 2020","Mon Jul 20 07:16:04 IST 2020","4","","Demo","Transripted_speech for english270","","","Transripted_speech for english270.mp3",""
"passed","Mon Jul 20 07:16:03 IST 2020","Mon Jul 20 07:16:03 IST 2020","3","","Demo","Transripted_speech for english324","","","Transripted_speech for english324.mp3",""
"passed","Mon Jul 20 07:16:03 IST 2020","Mon Jul 20 07:16:03 IST 2020","4","","Demo","Transripted_speech for english530","","","Transripted_speech for english530.mp3",""
"passed","Mon Jul 20 07:16:03 IST 2020","Mon Jul 20 07:16:03 IST 2020","3","","Demo","Transripted_speech for english75","","","Transripted_speech for english75.mp3",""
"failed","Mon Jul 20 07:16:02 IST 2020","Mon Jul 20 07:16:02 IST 2020","3","","Demo","Transripted_speech for english550","","","Transripted_speech for english550.mp3",""
"passed","Mon Jul 20 07:16:02 IST 2020","Mon Jul 20 07:16:02 IST 2020","4","","Demo","Transripted_speech for english11","","","Transripted_speech for english11.mp3",""
"passed","Mon Jul 20 07:16:03 IST 2020","Mon Jul 20 07:16:03 IST 2020","3","","Demo","Transripted_speech for english422","","","Transripted_speech for english422.mp3",""
"passed","Mon Jul 20 07:16:02 IST 2020","Mon Jul 20 07:16:02 IST 2020","4","","Demo","Transripted_speech for english544","","","Transripted_speech for english544.mp3",""
"passed","Mon Jul 20 07:16:03 IST 2020","Mon Jul 20 07:16:03 IST 2020","3","","Demo","Transripted_speech for english59","","","Transripted_speech for english59.mp3",""
"passed","Mon Jul 20 07:16:03 IST 2020","Mon Jul 20 07:16:03 IST 2020","3","","Demo","Transripted_speech for english393","","","Transripted_speech for english393.mp3",""
"passed","Mon Jul 20 07:16:04 IST 2020","Mon Jul 20 07:16:04 IST 2020","4","","Demo","Transripted_speech for english499","","","Transripted_speech for english499.mp3",""
"passed","Mon Jul 20 07:16:03 IST 2020","Mon Jul 20 07:16:03 IST 2020","3","","Demo","Transripted_speech for english28","","","Transripted_speech for english28.mp3",""
"passed","Mon Jul 20 07:16:02 IST 2020","Mon Jul 20 07:16:02 IST 2020","3","","Demo","Transripted_speech for english396","","","Transripted_speech for english396.mp3",""
"failed","Mon Jul 20 07:16:04 IST 2020","Mon Jul 20 07:16:04 IST 2020","4","","Demo","Transripted_speech for english40","","","Transripted_speech for english40.mp3",""
"passed","Mon Jul 20 07:16:05 IST 2020","Mon Jul 20 07:16:05 IST 2020","4","","Demo","Transripted_speech for english158","","","Transripted_speech for english158.mp3",""
"passed","Mon Jul 20 07:16:03 IST 2020","Mon Jul 20 07:16:03 IST 2020","3","","Demo","Transripted_speech for english322","","","Transripted_speech for english322.mp3",""
"passed","Mon Jul 20 07:16:05 IST 2020","Mon Jul 20 07:16:05 IST 2020","3","","Demo","Transripted_speech for english562","","","Transripted_speech for english562.mp3",""
"passed","Mon Jul 20 07:16:03 IST 2020","Mon Jul 20 07:16:03 IST 2020","3","","Demo","Transripted_speech for english219","","","Transripted_speech for english219.mp3",""
"passed","Mon Jul 20 07:16:03 IST 2020","Mon Jul 20 07:16:03 IST 2020","3","","Demo","Transripted_speech for english77","","","Transripted_speech for english77.mp3",""
"passed","Mon Jul 20 07:16:03 IST 2020","Mon Jul 20 07:16:03 IST 2020","3","","Demo","Transripted_speech for english457","","","Transripted_speech for english457.mp3",""
"passed","Mon Jul 20 07:16:03 IST 2020","Mon Jul 20 07:16:03 IST 2020","3","","Demo","Transripted_speech for english494","","","Transripted_speech for english494.mp3",""
"failed","Mon Jul 20 07:16:03 IST 2020","Mon Jul 20 07:16:03 IST 2020","4","","Demo","Transripted_speech for english334","","","Transripted_speech for english334.mp3",""
"failed","Mon Jul 20 07:16:03 IST 2020","Mon Jul 20 07:16:03 IST 2020","4","","Demo","Transripted_speech for english387","","","Transripted_speech for english387.mp3",""
"passed","Mon Jul 20 07:16:02 IST 2020","Mon Jul 20 07:16:02 IST 2020","3","","Demo","Transripted_speech for english421","","","Transripted_speech for english421.mp3",""
"passed","Mon Jul 20 07:16:02 IST 2020","Mon Jul 20 07:16:02 IST 2020","3","","Demo","Transripted_speech for english16","","","Transripted_speech for english16.mp3",""
"passed","Mon Jul 20 07:16:02 IST 2020","Mon Jul 20 07:16:02 IST 2020","3","","Demo","Transripted_speech for english193","","","Transripted_speech for english193.mp3",""
"passed","Mon Jul 20 07:16:03 IST 2020","Mon Jul 20 07:16:03 IST 2020","4","","Demo","Transripted_speech for english441","","","Transripted_speech for english441.mp3",""
"passed","Mon Jul 20 07:16:04 IST 2020","Mon Jul 20 07:16:04 IST 2020","3","","Demo","Transripted_speech for english266","","","Transripted_speech for english266.mp3",""
"passed","Mon Jul 20 07:16:03 IST 2020","Mon Jul 20 07:16:03 IST 2020","4","","Demo","Transripted_speech for english62","","","Transripted_speech for english62.mp3",""
"passed","Mon Jul 20 07:16:04 IST 2020","Mon Jul 20 07:16:04 IST 2020","4","","Demo","Transripted_speech for english25","","","Transripted_speech for english25.mp3",""
"passed","Mon Jul 20 07:16:02 IST 2020","Mon Jul 20 07:16:02 IST 2020","3","","Demo","Transripted_speech for english13","","","Transripted_speech for english13.mp3",""
"passed","Mon Jul 20 07:16:05 IST 2020","Mon Jul 20 07:16:05 IST 2020","3","","Demo","Transripted_speech for english37","","","Transripted_speech for english37.mp3",""
"passed","Mon Jul 20 07:16:04 IST 2020","Mon Jul 20 07:16:04 IST 2020","3","","Demo","Transripted_speech for english406","","","Transripted_speech for english406.mp3",""
"passed","Mon Jul 20 07:16:02 IST 2020","Mon Jul 20 07:16:02 IST 2020","3","","Demo","Transripted_speech for english426","","","Transripted_speech for english426.mp3",""
"failed","Mon Jul 20 07:16:04 IST 2020","Mon Jul 20 07:16:04 IST 2020","3","","Demo","Transripted_speech for english214","","","Transripted_speech for english214.mp3",""
"passed","Mon Jul 20 07:16:03 IST 2020","Mon Jul 20 07:16:03 IST 2020","4","","Demo","Transripted_speech for english66","","","Transripted_speech for english66.mp3",""
"passed","Mon Jul 20 07:16:02 IST 2020","Mon Jul 20 07:16:02 IST 2020","4","","Demo","Transripted_speech for english187","","","Transripted_speech for english187.mp3",""
"failed","Mon Jul 20 07:16:04 IST 2020","Mon Jul 20 07:16:04 IST 2020","4","","Demo","Transripted_speech for english388","","","Transripted_speech for english388.mp3",""
"passed","Mon Jul 20 07:16:04 IST 2020","Mon Jul 20 07:16:04 IST 2020","4","","Demo","Transripted_speech for english106","","","Transripted_speech for english106.mp3",""
"passed","Mon Jul 20 07:16:02 IST 2020","Mon Jul 20 07:16:02 IST 2020","3","","Demo","Transripted_speech for english340","","","Transripted_speech for english340.mp3",""
"passed","Mon Jul 20 07:16:03 IST 2020","Mon Jul 20 07:16:03 IST 2020","3","","Demo","Transripted_speech for english118","","","Transripted_speech for english118.mp3",""
"failed","Mon Jul 20 07:16:03 IST 2020","Mon Jul 20 07:16:03 IST 2020","3","","Demo","Transripted_speech for english319","","","Transripted_speech for english319.mp3",""
"failed","Mon Jul 20 07:16:02 IST 2020","Mon Jul 20 07:16:02 IST 2020","4","","Demo","Transripted_speech for english381","","","Transripted_speech for english381.mp3",""
"passed","Mon Jul 20 07:16:05 IST 2020","Mon Jul 20 07:16:05 IST 2020","3","","Demo","Transripted_speech for english212","","","Transripted_speech for english212.mp3",""
"passed","Mon Jul 20 07:16:03 IST 2020","Mon Jul 20 07:16:03 IST 2020","3","","Demo","Transripted_speech for english321","","","Transripted_speech for english321.mp3",""
"passed","Mon Jul 20 07:16:02 IST 2020","Mon Jul 20 07:16:02 IST 2020","6","","Demo","Transripted_speech for english221","","","Transripted_speech for english221.mp3",""
"passed","Mon Jul 20 07:16:02 IST 2020","Mon Jul 20 07:16:02 IST 2020","3","","Demo","Transripted_speech for english186","","","Transripted_speech for english186.mp3",""
"passed","Mon Jul 20 07:16:04 IST 2020","Mon Jul 20 07:16:04 IST 2020","4","","Demo","Transripted_speech for english116","","","Transripted_speech for english116.mp3",""
"failed","Mon Jul 20 07:16:04 IST 2020","Mon Jul 20 07:16:04 IST 2020","4","","Demo","Transripted_speech for english448","","","Transripted_speech for english448.mp3",""
"passed","Mon Jul 20 07:16:04 IST 2020","Mon Jul 20 07:16:04 IST 2020","3","","Demo","Transripted_speech for english412","","","Transripted_speech for english412.mp3",""
"passed","Mon Jul 20 07:16:02 IST 2020","Mon Jul 20 07:16:02 IST 2020","3","","Demo","Transripted_speech for english419","","","Transripted_speech for english419.mp3",""
"failed","Mon Jul 20 07:16:03 IST 2020","Mon Jul 20 07:16:03 IST 2020","3","","Demo","Transripted_speech for english84","","","Transripted_speech for english84.mp3",""
"passed","Mon Jul 20 07:16:02 IST 2020","Mon Jul 20 07:16:02 IST 2020","3","","Demo","Transripted_speech for english168","","","Transripted_speech for english168.mp3",""
"failed","Mon Jul 20 07:16:03 IST 2020","Mon Jul 20 07:16:03 IST 2020","3","","Demo","Transripted_speech for english253","","","Transripted_speech for english253.mp3",""
"passed","Mon Jul 20 07:16:02 IST 2020","Mon Jul 20 07:16:02 IST 2020","3","","Demo","Transripted_speech for english434","","","Transripted_speech for english434.mp3",""
"failed","Mon Jul 20 07:16:02 IST 2020","Mon Jul 20 07:16:02 IST 2020","4","","Demo","Transripted_speech for english391","","","Transripted_speech for english391.mp3",""
"passed","Mon Jul 20 07:16:02 IST 2020","Mon Jul 20 07:16:02 IST 2020","4","","Demo","Transripted_speech for english425","","","Transripted_speech for english425.mp3",""
"passed","Mon Jul 20 07:16:04 IST 2020","Mon Jul 20 07:16:04 IST 2020","4","","Demo","Transripted_speech for english305","","","Transripted_speech for english305.mp3",""
"passed","Mon Jul 20 07:16:03 IST 2020","Mon Jul 20 07:16:03 IST 2020","4","","Demo","Transripted_speech for english131","","","Transripted_speech for english131.mp3",""
"passed","Mon Jul 20 07:16:02 IST 2020","Mon Jul 20 07:16:02 IST 2020","4","","Demo","Transripted_speech for english153","","","Transripted_speech for english153.mp3",""
"passed","Mon Jul 20 07:16:04 IST 2020","Mon Jul 20 07:16:04 IST 2020","4","","Demo","Transripted_speech for english502","","","Transripted_speech for english502.mp3",""
"passed","Mon Jul 20 07:16:04 IST 2020","Mon Jul 20 07:16:04 IST 2020","4","","Demo","Transripted_speech for english461","","","Transripted_speech for english461.mp3",""
"passed","Mon Jul 20 07:16:04 IST 2020","Mon Jul 20 07:16:04 IST 2020","4","","Demo","Transripted_speech for english3","","","Transripted_speech for english3.mp3",""
"passed","Mon Jul 20 07:16:03 IST 2020","Mon Jul 20 07:16:03 IST 2020","3","","Demo","Transripted_speech for english481","","","Transripted_speech for english481.mp3",""
"passed","Mon Jul 20 07:16:04 IST 2020","Mon Jul 20 07:16:04 IST 2020","4","","Demo","Transripted_speech for english200","","","Transripted_speech for english200.mp3",""
"passed","Mon Jul 20 07:16:04 IST 2020","Mon Jul 20 07:16:04 IST 2020","4","","Demo","Transripted_speech for english176","","","Transripted_speech for english176.mp3",""
"passed","Mon Jul 20 07:16:04 IST 2020","Mon Jul 20 07:16:04 IST 2020","3","","Demo","Transripted_speech for english573","","","Transripted_speech for english573.mp3",""
"passed","Mon Jul 20 07:16:02 IST 2020","Mon Jul 20 07:16:02 IST 2020","3","","Demo","Transripted_speech for english190","","","Transripted_speech for english190.mp3",""
"passed","Mon Jul 20 07:16:02 IST 2020","Mon Jul 20 07:16:02 IST 2020","3","","Demo","Transripted_speech for english192","","","Transripted_speech for english192.mp3",""
"passed","Mon Jul 20 07:16:04 IST 2020","Mon Jul 20 07:16:04 IST 2020","3","","Demo","Transripted_speech for english528","","","Transripted_speech for english528.mp3",""
"passed","Mon Jul 20 07:16:02 IST 2020","Mon Jul 20 07:16:02 IST 2020","4","","Demo","Transripted_speech for english195","","","Transripted_speech for english195.mp3",""
"passed","Mon Jul 20 07:16:02 IST 2020","Mon Jul 20 07:16:02 IST 2020","4","","Demo","Transripted_speech for english234","","","Transripted_speech for english234.mp3",""
"failed","Mon Jul 20 07:16:02 IST 2020","Mon Jul 20 07:16:02 IST 2020","4","","Demo","Transripted_speech for english12","","","Transripted_speech for english12.mp3",""
"passed","Mon Jul 20 07:16:04 IST 2020","Mon Jul 20 07:16:04 IST 2020","4","","Demo","Transripted_speech for english476","","","Transripted_speech for english476.mp3",""
"passed","Mon Jul 20 07:16:03 IST 2020","Mon Jul 20 07:16:03 IST 2020","4","","Demo","Transripted_speech for english123","","","Transripted_speech for english123.mp3",""
"passed","Mon Jul 20 07:16:03 IST 2020","Mon Jul 20 07:16:03 IST 2020","3","","Demo","Transripted_speech for english468","","","Transripted_speech for english468.mp3",""
"passed","Mon Jul 20 07:16:02 IST 2020","Mon Jul 20 07:16:02 IST 2020","3","","Demo","Transripted_speech for english433","","","Transripted_speech for english433.mp3",""
"passed","Mon Jul 20 07:16:04 IST 2020","Mon Jul 20 07:16:04 IST 2020","3","","Demo","Transripted_speech for english162","","","Transripted_speech for english162.mp3",""
"passed","Mon Jul 20 07:16:02 IST 2020","Mon Jul 20 07:16:02 IST 2020","3","","Demo","Transripted_speech for english157","","","Transripted_speech for english157.mp3",""
"passed","Mon Jul 20 07:16:03 IST 2020","Mon Jul 20 07:16:03 IST 2020","3","","Demo","Transripted_speech for english447","","","Transripted_speech for english447.mp3",""
"passed","Mon Jul 20 07:16:04 IST 2020","Mon Jul 20 07:16:04 IST 2020","3","","Demo","Transripted_speech for english503","","","Transripted_speech for english503.mp3",""
"passed","Mon Jul 20 07:16:02 IST 2020","Mon Jul 20 07:16:02 IST 2020","3","","Demo","Transripted_speech for english196","","","Transripted_speech for english196.mp3",""
"failed","Mon Jul 20 07:16:04 IST 2020","Mon Jul 20 07:16:04 IST 2020","4","","Demo","Transripted_speech for english404","","","Transripted_speech for english404.mp3",""
"passed","Mon Jul 20 07:16:04 IST 2020","Mon Jul 20 07:16:04 IST 2020","4","","Demo","Transripted_speech for english216","","","Transripted_speech for english216.mp3",""
"passed","Mon Jul 20 07:16:02 IST 2020","Mon Jul 20 07:16:02 IST 2020","2","","Demo","Transripted_speech for english236","","","Transripted_speech for english236.mp3",""
"failed","Mon Jul 20 07:16:02 IST 2020","Mon Jul 20 07:16:02 IST 2020","4","","Demo","Transripted_speech for english435","","","Transripted_speech for english435.mp3",""
"passed","Mon Jul 20 07:16:02 IST 2020","Mon Jul 20 07:16:02 IST 2020","3","","Demo","Transripted_speech for english341","","","Transripted_speech for english341.mp3",""
"passed","Mon Jul 20 07:16:04 IST 2020","Mon Jul 20 07:16:04 IST 2020","4","","Demo","Transripted_speech for english572","","","Transripted_speech for english572.mp3",""
"passed","Mon Jul 20 07:16:05 IST 2020","Mon Jul 20 07:16:05 IST 2020","3","","Demo","Transripted_speech for english205","","","Transripted_speech for english205.mp3",""
"passed","Mon Jul 20 07:16:03 IST 2020","Mon Jul 20 07:16:03 IST 2020","3","","Demo","Transripted_speech for english286","","","Transripted_speech for english286.mp3",""
"passed","Mon Jul 20 07:16:03 IST 2020","Mon Jul 20 07:16:03 IST 2020","4","","Demo","Transripted_speech for english536","","","Transripted_speech for english536.mp3",""
"passed","Mon Jul 20 07:16:03 IST 2020","Mon Jul 20 07:16:03 IST 2020","3","","Demo","Transripted_speech for english526","","","Transripted_speech for english526.mp3",""
"passed","Mon Jul 20 07:16:04 IST 2020","Mon Jul 20 07:16:04 IST 2020","4","","Demo","Transripted_speech for english91","","","Transripted_speech for english91.mp3",""
"failed","Mon Jul 20 07:16:04 IST 2020","Mon Jul 20 07:16:04 IST 2020","3","","Demo","Transripted_speech for english148","","","Transripted_speech for english148.mp3",""
"passed","Mon Jul 20 07:16:03 IST 2020","Mon Jul 20 07:16:03 IST 2020","4","","Demo","Transripted_speech for english282","","","Transripted_speech for english282.mp3",""
"passed","Mon Jul 20 07:16:05 IST 2020","Mon Jul 20 07:16:05 IST 2020","4","","Demo","Transripted_speech for english166","","","Transripted_speech for english166.mp3",""
"passed","Mon Jul 20 07:16:03 IST 2020","Mon Jul 20 07:16:03 IST 2020","4","","Demo","Transripted_speech for english89","","","Transripted_speech for english89.mp3",""
"passed","Mon Jul 20 07:16:04 IST 2020","Mon Jul 20 07:16:04 IST 2020","3","","Demo","Transripted_speech for english138","","","Transripted_speech for english138.mp3",""
"passed","Mon Jul 20 07:16:05 IST 2020","Mon Jul 20 07:16:05 IST 2020","3","","Demo","Transripted_speech for english206","","","Transripted_speech for english206.mp3",""
"failed","Mon Jul 20 07:16:04 IST 2020","Mon Jul 20 07:16:04 IST 2020","4","","Demo","Transripted_speech for english113","","","Transripted_speech for english113.mp3",""
"passed","Mon Jul 20 07:16:03 IST 2020","Mon Jul 20 07:16:03 IST 2020","3","","Demo","Transripted_speech for english70","","","Transripted_speech for english70.mp3",""
"failed","Mon Jul 20 07:16:04 IST 2020","Mon Jul 20 07:16:04 IST 2020","4","","Demo","Transripted_speech for english18","","","Transripted_speech for english18.mp3",""
"passed","Mon Jul 20 07:16:02 IST 2020","Mon Jul 20 07:16:02 IST 2020","4","","Demo","Transripted_speech for english182","","","Transripted_speech for english182.mp3",""
"passed","Mon Jul 20 07:16:02 IST 2020","Mon Jul 20 07:16:02 IST 2020","3","","Demo","Transripted_speech for english408","","","Transripted_speech for english408.mp3",""
"passed","Mon Jul 20 07:16:03 IST 2020","Mon Jul 20 07:16:03 IST 2020","4","","Demo","Transripted_speech for english445","","","Transripted_speech for english445.mp3",""
"failed","Mon Jul 20 07:16:03 IST 2020","Mon Jul 20 07:16:03 IST 2020","4","","Demo","Transripted_speech for english268","","","Transripted_speech for english268.mp3",""
"failed","Mon Jul 20 07:16:04 IST 2020","Mon Jul 20 07:16:04 IST 2020","4","","Demo","Transripted_speech for english7","","","Transripted_speech for english7.mp3",""
"passed","Mon Jul 20 07:16:02 IST 2020","Mon Jul 20 07:16:02 IST 2020","4","","Demo","Transripted_speech for english568","","","Transripted_speech for english568.mp3",""
"passed","Mon Jul 20 07:16:03 IST 2020","Mon Jul 20 07:16:03 IST 2020","4","","Demo","Transripted_speech for english496","","","Transripted_speech for english496.mp3",""
"passed","Mon Jul 20 07:16:03 IST 2020","Mon Jul 20 07:16:03 IST 2020","4","","Demo","Transripted_speech for english225","","","Transripted_speech for english225.mp3",""
"passed","Mon Jul 20 07:16:02 IST 2020","Mon Jul 20 07:16:02 IST 2020","3","","Demo","Transripted_speech for english352","","","Transripted_speech for english352.mp3",""
"passed","Mon Jul 20 07:16:03 IST 2020","Mon Jul 20 07:16:03 IST 2020","3","","Demo","Transripted_speech for english73","","","Transripted_speech for english73.mp3",""
"passed","Mon Jul 20 07:16:05 IST 2020","Mon Jul 20 07:16:05 IST 2020","4","","Demo","Transripted_speech for english549","","","Transripted_speech for english549.mp3",""
"passed","Mon Jul 20 07:16:03 IST 2020","Mon Jul 20 07:16:03 IST 2020","4","","Demo","Transripted_speech for english285","","","Transripted_speech for english285.mp3",""
"passed","Mon Jul 20 07:16:03 IST 2020","Mon Jul 20 07:16:03 IST 2020","3","","Demo","Transripted_speech for english137","","","Transripted_speech for english137.mp3",""
"passed","Mon Jul 20 07:16:03 IST 2020","Mon Jul 20 07:16:03 IST 2020","4","","Demo","Transripted_speech for english533","","","Transripted_speech for english533.mp3",""
"passed","Mon Jul 20 07:16:03 IST 2020","Mon Jul 20 07:16:03 IST 2020","3","","Demo","Transripted_speech for english61","","","Transripted_speech for english61.mp3",""
"passed","Mon Jul 20 07:16:03 IST 2020","Mon Jul 20 07:16:03 IST 2020","3","","Demo","Transripted_speech for english240","","","Transripted_speech for english240.mp3",""
"passed","Mon Jul 20 07:16:03 IST 2020","Mon Jul 20 07:16:03 IST 2020","3","","Demo","Transripted_speech for english331","","","Transripted_speech for english331.mp3",""
"failed","Mon Jul 20 07:16:03 IST 2020","Mon Jul 20 07:16:03 IST 2020","4","","Demo","Transripted_speech for english108","","","Transripted_speech for english108.mp3",""
"passed","Mon Jul 20 07:16:05 IST 2020","Mon Jul 20 07:16:05 IST 2020","4","","Demo","Transripted_speech for english173","","","Transripted_speech for english173.mp3",""
"failed","Mon Jul 20 07:16:04 IST 2020","Mon Jul 20 07:16:04 IST 2020","5","","Demo","Transripted_speech for english87","","","Transripted_speech for english87.mp3",""
"passed","Mon Jul 20 07:16:04 IST 2020","Mon Jul 20 07:16:04 IST 2020","4","","Demo","Transripted_speech for english103","","","Transripted_speech for english103.mp3",""
"passed","Mon Jul 20 07:16:03 IST 2020","Mon Jul 20 07:16:03 IST 2020","3","","Demo","Transripted_speech for english327","","","Transripted_speech for english327.mp3",""
"passed","Mon Jul 20 07:16:03 IST 2020","Mon Jul 20 07:16:03 IST 2020","3","","Demo","Transripted_speech for english126","","","Transripted_speech for english126.mp3",""
"passed","Mon Jul 20 07:16:04 IST 2020","Mon Jul 20 07:16:04 IST 2020","4","","Demo","Transripted_speech for english96","","","Transripted_speech for english96.mp3",""
"passed","Mon Jul 20 07:16:03 IST 2020","Mon Jul 20 07:16:03 IST 2020","3","","Demo","Transripted_speech for english302","","","Transripted_speech for english302.mp3",""
"passed","Mon Jul 20 07:16:04 IST 2020","Mon Jul 20 07:16:04 IST 2020","4","","Demo","Transripted_speech for english317","","","Transripted_speech for english317.mp3",""
"passed","Mon Jul 20 07:16:04 IST 2020","Mon Jul 20 07:16:04 IST 2020","3","","Demo","Transripted_speech for english175","","","Transripted_speech for english175.mp3",""
"passed","Mon Jul 20 07:16:04 IST 2020","Mon Jul 20 07:16:04 IST 2020","3","","Demo","Transripted_speech for english310","","","Transripted_speech for english310.mp3",""
"passed","Mon Jul 20 07:16:04 IST 2020","Mon Jul 20 07:16:04 IST 2020","4","","Demo","Transripted_speech for english566","","","Transripted_speech for english566.mp3",""
"passed","Mon Jul 20 07:16:04 IST 2020","Mon Jul 20 07:16:04 IST 2020","4","","Demo","Transripted_speech for english303","","","Transripted_speech for english303.mp3",""
"failed","Mon Jul 20 07:16:03 IST 2020","Mon Jul 20 07:16:03 IST 2020","4","","Demo","Transripted_speech for english308","","","Transripted_speech for english308.mp3",""
"passed","Mon Jul 20 07:16:04 IST 2020","Mon Jul 20 07:16:04 IST 2020","3","","Demo","Transripted_speech for english68","","","Transripted_speech for english68.mp3",""
"passed","Mon Jul 20 07:16:03 IST 2020","Mon Jul 20 07:16:03 IST 2020","4","","Demo","Transripted_speech for english125","","","Transripted_speech for english125.mp3",""
"passed","Mon Jul 20 07:16:04 IST 2020","Mon Jul 20 07:16:04 IST 2020","4","","Demo","Transripted_speech for english274","","","Transripted_speech for english274.mp3",""
"passed","Mon Jul 20 07:16:02 IST 2020","Mon Jul 20 07:16:02 IST 2020","3","","Demo","Transripted_speech for english351","","","Transripted_speech for english351.mp3",""
"failed","Mon Jul 20 07:16:02 IST 2020","Mon Jul 20 07:16:02 IST 2020","6","","Demo","Transripted_speech for english546","","","Transripted_speech for english546.mp3",""
"failed","Mon Jul 20 07:16:02 IST 2020","Mon Jul 20 07:16:02 IST 2020","3","","Demo","Transripted_speech for english551","","","Transripted_speech for english551.mp3",""
"passed","Mon Jul 20 07:16:03 IST 2020","Mon Jul 20 07:16:03 IST 2020","3","","Demo","Transripted_speech for english135","","","Transripted_speech for english135.mp3",""
"failed","Mon Jul 20 07:16:04 IST 2020","Mon Jul 20 07:16:04 IST 2020","4","","Demo","Transripted_speech for english259","","","Transripted_speech for english259.mp3",""
"passed","Mon Jul 20 07:16:04 IST 2020","Mon Jul 20 07:16:04 IST 2020","3","","Demo","Transripted_speech for english52","","","Transripted_speech for english52.mp3",""
"passed","Mon Jul 20 07:16:03 IST 2020","Mon Jul 20 07:16:03 IST 2020","4","","Demo","Transripted_speech for english263","","","Transripted_speech for english263.mp3",""
"passed","Mon Jul 20 07:16:04 IST 2020","Mon Jul 20 07:16:04 IST 2020","4","","Demo","Transripted_speech for english564","","","Transripted_speech for english564.mp3",""
"passed","Mon Jul 20 07:16:04 IST 2020","Mon Jul 20 07:16:04 IST 2020","4","","Demo","Transripted_speech for english19","","","Transripted_speech for english19.mp3",""
"passed","Mon Jul 20 07:16:04 IST 2020","Mon Jul 20 07:16:04 IST 2020","4","","Demo","Transripted_speech for english376","","","Transripted_speech for english376.mp3",""
"passed","Mon Jul 20 07:16:02 IST 2020","Mon Jul 20 07:16:02 IST 2020","4","","Demo","Transripted_speech for english355","","","Transripted_speech for english355.mp3",""
"failed","Mon Jul 20 07:16:02 IST 2020","Mon Jul 20 07:16:02 IST 2020","4","","Demo","Transripted_speech for english392","","","Transripted_speech for english392.mp3",""
"passed","Mon Jul 20 07:16:03 IST 2020","Mon Jul 20 07:16:03 IST 2020","3","","Demo","Transripted_speech for english524","","","Transripted_speech for english524.mp3",""
"passed","Mon Jul 20 07:16:04 IST 2020","Mon Jul 20 07:16:04 IST 2020","4","","Demo","Transripted_speech for english471","","","Transripted_speech for english471.mp3",""
"passed","Mon Jul 20 07:16:05 IST 2020","Mon Jul 20 07:16:05 IST 2020","3","","Demo","Transripted_speech for english428","","","Transripted_speech for english428.mp3",""
"passed","Mon Jul 20 07:16:03 IST 2020","Mon Jul 20 07:16:03 IST 2020","3","","Demo","Transripted_speech for english556","","","Transripted_speech for english556.mp3",""
"passed","Mon Jul 20 07:16:03 IST 2020","Mon Jul 20 07:16:03 IST 2020","4","","Demo","Transripted_speech for english276","","","Transripted_speech for english276.mp3",""
"passed","Mon Jul 20 07:16:04 IST 2020","Mon Jul 20 07:16:04 IST 2020","4","","Demo","Transripted_speech for english277","","","Transripted_speech for english277.mp3",""
"passed","Mon Jul 20 07:16:02 IST 2020","Mon Jul 20 07:16:02 IST 2020","3","","Demo","Transripted_speech for english151","","","Transripted_speech for english151.mp3",""
"passed","Mon Jul 20 07:16:04 IST 2020","Mon Jul 20 07:16:04 IST 2020","4","","Demo","Transripted_speech for english45","","","Transripted_speech for english45.mp3",""
"passed","Mon Jul 20 07:16:02 IST 2020","Mon Jul 20 07:16:02 IST 2020","3","","Demo","Transripted_speech for english418","","","Transripted_speech for english418.mp3",""
"passed","Mon Jul 20 07:16:05 IST 2020","Mon Jul 20 07:16:05 IST 2020","3","","Demo","Transripted_speech for english372","","","Transripted_speech for english372.mp3",""
"failed","Mon Jul 20 07:16:02 IST 2020","Mon Jul 20 07:16:03 IST 2020","4","","Demo","Transripted_speech for english14","","","Transripted_speech for english14.mp3",""
"failed","Mon Jul 20 07:16:02 IST 2020","Mon Jul 20 07:16:02 IST 2020","6","","Demo","Transripted_speech for english547","","","Transripted_speech for english547.mp3",""
"passed","Mon Jul 20 07:16:03 IST 2020","Mon Jul 20 07:16:03 IST 2020","4","","Demo","Transripted_speech for english537","","","Transripted_speech for english537.mp3",""
"passed","Mon Jul 20 07:16:03 IST 2020","Mon Jul 20 07:16:03 IST 2020","3","","Demo","Transripted_speech for english63","","","Transripted_speech for english63.mp3",""
"passed","Mon Jul 20 07:16:03 IST 2020","Mon Jul 20 07:16:03 IST 2020","3","","Demo","Transripted_speech for english532","","","Transripted_speech for english532.mp3",""
"passed","Mon Jul 20 07:16:02 IST 2020","Mon Jul 20 07:16:02 IST 2020","3","","Demo","Transripted_speech for english150","","","Transripted_speech for english150.mp3",""
"passed","Mon Jul 20 07:16:04 IST 2020","Mon Jul 20 07:16:04 IST 2020","5","","Demo","Transripted_speech for english367","","","Transripted_speech for english367.mp3",""
"passed","Mon Jul 20 07:16:03 IST 2020","Mon Jul 20 07:16:03 IST 2020","4","","Demo","Transripted_speech for english29","","","Transripted_speech for english29.mp3",""
"passed","Mon Jul 20 07:16:04 IST 2020","Mon Jul 20 07:16:04 IST 2020","4","","Demo","Transripted_speech for english44","","","Transripted_speech for english44.mp3",""
"passed","Mon Jul 20 07:16:03 IST 2020","Mon Jul 20 07:16:03 IST 2020","3","","Demo","Transripted_speech for english99","","","Transripted_speech for english99.mp3",""
"passed","Mon Jul 20 07:16:02 IST 2020","Mon Jul 20 07:16:02 IST 2020","4","","Demo","Transripted_speech for english569","","","Transripted_speech for english569.mp3",""
"passed","Mon Jul 20 07:16:03 IST 2020","Mon Jul 20 07:16:03 IST 2020","4","","Demo","Transripted_speech for english289","","","Transripted_speech for english289.mp3",""
"failed","Mon Jul 20 07:16:03 IST 2020","Mon Jul 20 07:16:03 IST 2020","4","","Demo","Transripted_speech for english538","","","Transripted_speech for english538.mp3",""
"passed","Mon Jul 20 07:16:04 IST 2020","Mon Jul 20 07:16:04 IST 2020","3","","Demo","Transripted_speech for english78","","","Transripted_speech for english78.mp3",""
"passed","Mon Jul 20 07:16:03 IST 2020","Mon Jul 20 07:16:03 IST 2020","4","","Demo","Transripted_speech for english280","","","Transripted_speech for english280.mp3",""
"passed","Mon Jul 20 07:16:02 IST 2020","Mon Jul 20 07:16:02 IST 2020","4","","Demo","Transripted_speech for english220","","","Transripted_speech for english220.mp3",""
"passed","Mon Jul 20 07:16:04 IST 2020","Mon Jul 20 07:16:04 IST 2020","3","","Demo","Transripted_speech for english149","","","Transripted_speech for english149.mp3",""
"failed","Mon Jul 20 07:16:03 IST 2020","Mon Jul 20 07:16:03 IST 2020","5","","Demo","Transripted_speech for english290","","","Transripted_speech for english290.mp3",""
"passed","Mon Jul 20 07:16:04 IST 2020","Mon Jul 20 07:16:04 IST 2020","3","","Demo","Transripted_speech for english2","","","Transripted_speech for english2.mp3",""
"failed","Mon Jul 20 07:16:02 IST 2020","Mon Jul 20 07:16:02 IST 2020","4","","Demo","Transripted_speech for english38","","","Transripted_speech for english38.mp3",""
"passed","Mon Jul 20 07:16:02 IST 2020","Mon Jul 20 07:16:02 IST 2020","3","","Demo","Transripted_speech for english169","","","Transripted_speech for english169.mp3",""
"passed","Mon Jul 20 07:16:03 IST 2020","Mon Jul 20 07:16:03 IST 2020","3","","Demo","Transripted_speech for english453","","","Transripted_speech for english453.mp3",""
"passed","Mon Jul 20 07:16:04 IST 2020","Mon Jul 20 07:16:04 IST 2020","4","","Demo","Transripted_speech for english258","","","Transripted_speech for english258.mp3",""
"passed","Mon Jul 20 07:16:03 IST 2020","Mon Jul 20 07:16:03 IST 2020","4","","Demo","Transripted_speech for english132","","","Transripted_speech for english132.mp3",""
"passed","Mon Jul 20 07:16:04 IST 2020","Mon Jul 20 07:16:04 IST 2020","3","","Demo","Transripted_speech for english449","","","Transripted_speech for english449.mp3",""
"passed","Mon Jul 20 07:16:05 IST 2020","Mon Jul 20 07:16:05 IST 2020","3","","Demo","Transripted_speech for english171","","","Transripted_speech for english171.mp3",""
"failed","Mon Jul 20 07:16:03 IST 2020","Mon Jul 20 07:16:03 IST 2020","4","","Demo","Transripted_speech for english450","","","Transripted_speech for english450.mp3",""
"passed","Mon Jul 20 07:16:03 IST 2020","Mon Jul 20 07:16:03 IST 2020","4","","Demo","Transripted_speech for english479","","","Transripted_speech for english479.mp3",""
"failed","Mon Jul 20 07:16:03 IST 2020","Mon Jul 20 07:16:03 IST 2020","5","","Demo","Transripted_speech for english458","","","Transripted_speech for english458.mp3",""
"passed","Mon Jul 20 07:16:03 IST 2020","Mon Jul 20 07:16:03 IST 2020","4","","Demo","Transripted_speech for english493","","","Transripted_speech for english493.mp3",""
"passed","Mon Jul 20 07:16:02 IST 2020","Mon Jul 20 07:16:02 IST 2020","3","","Demo","Transripted_speech for english155","","","Transripted_speech for english155.mp3",""
"passed","Mon Jul 20 07:16:03 IST 2020","Mon Jul 20 07:16:03 IST 2020","5","","Demo","Transripted_speech for english323","","","Transripted_speech for english323.mp3",""
"passed","Mon Jul 20 07:16:04 IST 2020","Mon Jul 20 07:16:04 IST 2020","4","","Demo","Transripted_speech for english229","","","Transripted_speech for english229.mp3",""
"passed","Mon Jul 20 07:16:03 IST 2020","Mon Jul 20 07:16:03 IST 2020","3","","Demo","Transripted_speech for english130","","","Transripted_speech for english130.mp3",""
"failed","Mon Jul 20 07:16:04 IST 2020","Mon Jul 20 07:16:04 IST 2020","4","","Demo","Transripted_speech for english314","","","Transripted_speech for english314.mp3",""
"passed","Mon Jul 20 07:16:03 IST 2020","Mon Jul 20 07:16:03 IST 2020","3","","Demo","Transripted_speech for english90","","","Transripted_speech for english90.mp3",""
"passed","Mon Jul 20 07:16:03 IST 2020","Mon Jul 20 07:16:03 IST 2020","5","","Demo","Transripted_speech for english284","","","Transripted_speech for english284.mp3",""
"passed","Mon Jul 20 07:16:03 IST 2020","Mon Jul 20 07:16:03 IST 2020","4","","Demo","Transripted_speech for english485","","","Transripted_speech for english485.mp3",""
"failed","Mon Jul 20 07:16:03 IST 2020","Mon Jul 20 07:16:03 IST 2020","3","","Demo","Transripted_speech for english491","","","Transripted_speech for english491.mp3",""
"failed","Mon Jul 20 07:16:04 IST 2020","Mon Jul 20 07:16:04 IST 2020","4","","Demo","Transripted_speech for english439","","","Transripted_speech for english439.mp3",""
"passed","Mon Jul 20 07:16:04 IST 2020","Mon Jul 20 07:16:04 IST 2020","3","","Demo","Transripted_speech for english570","","","Transripted_speech for english570.mp3",""
"passed","Mon Jul 20 07:16:04 IST 2020","Mon Jul 20 07:16:04 IST 2020","3","","Demo","Transripted_speech for english501","","","Transripted_speech for english501.mp3",""
"passed","Mon Jul 20 07:16:05 IST 2020","Mon Jul 20 07:16:05 IST 2020","4","","Demo","Transripted_speech for english164","","","Transripted_speech for english164.mp3",""
"passed","Mon Jul 20 07:16:04 IST 2020","Mon Jul 20 07:16:04 IST 2020","3","","Demo","Transripted_speech for english513","","","Transripted_speech for english513.mp3",""
"passed","Mon Jul 20 07:16:02 IST 2020","Mon Jul 20 07:16:02 IST 2020","4","","Demo","Transripted_speech for english143","","","Transripted_speech for english143.mp3",""
"passed","Mon Jul 20 07:16:04 IST 2020","Mon Jul 20 07:16:04 IST 2020","3","","Demo","Transripted_speech for english477","","","Transripted_speech for english477.mp3",""
"passed","Mon Jul 20 07:16:03 IST 2020","Mon Jul 20 07:16:03 IST 2020","3","","Demo","Transripted_speech for english495","","","Transripted_speech for english495.mp3",""
"failed","Mon Jul 20 07:16:03 IST 2020","Mon Jul 20 07:16:03 IST 2020","4","","Demo","Transripted_speech for english297","","","Transripted_speech for english297.mp3",""
"passed","Mon Jul 20 07:16:04 IST 2020","Mon Jul 20 07:16:04 IST 2020","3","","Demo","Transripted_speech for english217","","","Transripted_speech for english217.mp3",""
"passed","Mon Jul 20 07:16:03 IST 2020","Mon Jul 20 07:16:03 IST 2020","3","","Demo","Transripted_speech for english128","","","Transripted_speech for english128.mp3",""
"passed","Mon Jul 20 07:16:03 IST 2020","Mon Jul 20 07:16:03 IST 2020","4","","Demo","Transripted_speech for english508","","","Transripted_speech for english508.mp3",""
"passed","Mon Jul 20 07:16:03 IST 2020","Mon Jul 20 07:16:03 IST 2020","4","","Demo","Transripted_speech for english525","","","Transripted_speech for english525.mp3",""
"passed","Mon Jul 20 07:16:02 IST 2020","Mon Jul 20 07:16:02 IST 2020","3","","Demo","Transripted_speech for english178","","","Transripted_speech for english178.mp3",""
"passed","Mon Jul 20 07:16:04 IST 2020","Mon Jul 20 07:16:04 IST 2020","4","","Demo","Transripted_speech for english80","","","Transripted_speech for english80.mp3",""
"passed","Mon Jul 20 07:16:02 IST 2020","Mon Jul 20 07:16:02 IST 2020","3","","Demo","Transripted_speech for english346","","","Transripted_speech for english346.mp3",""
"passed","Mon Jul 20 07:16:04 IST 2020","Mon Jul 20 07:16:04 IST 2020","4","","Demo","Transripted_speech for english102","","","Transripted_speech for english102.mp3",""
"failed","Mon Jul 20 07:16:04 IST 2020","Mon Jul 20 07:16:04 IST 2020","5","","Demo","Transripted_speech for english79","","","Transripted_speech for english79.mp3",""
"passed","Mon Jul 20 07:16:04 IST 2020","Mon Jul 20 07:16:04 IST 2020","4","","Demo","Transripted_speech for english31","","","Transripted_speech for english31.mp3",""
"passed","Mon Jul 20 07:16:02 IST 2020","Mon Jul 20 07:16:02 IST 2020","3","","Demo","Transripted_speech for english17","","","Transripted_speech for english17.mp3",""
"failed","Mon Jul 20 07:16:03 IST 2020","Mon Jul 20 07:16:03 IST 2020","3","","Demo","Transripted_speech for english487","","","Transripted_speech for english487.mp3",""
"passed","Mon Jul 20 07:16:03 IST 2020","Mon Jul 20 07:16:03 IST 2020","3","","Demo","Transripted_speech for english292","","","Transripted_speech for english292.mp3",""
"passed","Mon Jul 20 07:16:02 IST 2020","Mon Jul 20 07:16:02 IST 2020","4","","Demo","Transripted_speech for english420","","","Transripted_speech for english420.mp3",""
"failed","Mon Jul 20 07:16:04 IST 2020","Mon Jul 20 07:16:04 IST 2020","4","","Demo","Transripted_speech for english312","","","Transripted_speech for english312.mp3",""
"passed","Mon Jul 20 07:16:02 IST 2020","Mon Jul 20 07:16:02 IST 2020","3","","Demo","Transripted_speech for english578","","","Transripted_speech for english578.mp3",""
"passed","Mon Jul 20 07:16:03 IST 2020","Mon Jul 20 07:16:03 IST 2020","4","","Demo","Transripted_speech for english509","","","Transripted_speech for english509.mp3",""
"passed","Mon Jul 20 07:16:03 IST 2020","Mon Jul 20 07:16:03 IST 2020","4","","Demo","Transripted_speech for english254","","","Transripted_speech for english254.mp3",""
"passed","Mon Jul 20 07:16:04 IST 2020","Mon Jul 20 07:16:04 IST 2020","3","","Demo","Transripted_speech for english81","","","Transripted_speech for english81.mp3",""
"failed","Mon Jul 20 07:16:04 IST 2020","Mon Jul 20 07:16:04 IST 2020","4","","Demo","Transripted_speech for english267","","","Transripted_speech for english267.mp3",""
"passed","Mon Jul 20 07:16:03 IST 2020","Mon Jul 20 07:16:03 IST 2020","3","","Demo","Transripted_speech for english455","","","Transripted_speech for english455.mp3",""
"passed","Mon Jul 20 07:16:02 IST 2020","Mon Jul 20 07:16:02 IST 2020","4","","Demo","Transripted_speech for english342","","","Transripted_speech for english342.mp3",""
"passed","Mon Jul 20 07:16:02 IST 2020","Mon Jul 20 07:16:02 IST 2020","3","","Demo","Transripted_speech for english553","","","Transripted_speech for english553.mp3",""
"passed","Mon Jul 20 07:16:03 IST 2020","Mon Jul 20 07:16:03 IST 2020","4","","Demo","Transripted_speech for english535","","","Transripted_speech for english535.mp3",""
"passed","Mon Jul 20 07:16:03 IST 2020","Mon Jul 20 07:16:03 IST 2020","4","","Demo","Transripted_speech for english288","","","Transripted_speech for english288.mp3",""
"passed","Mon Jul 20 07:16:04 IST 2020","Mon Jul 20 07:16:04 IST 2020","3","","Demo","Transripted_speech for english107","","","Transripted_speech for english107.mp3",""
"failed","Mon Jul 20 07:16:04 IST 2020","Mon Jul 20 07:16:04 IST 2020","4","","Demo","Transripted_speech for english473","","","Transripted_speech for english473.mp3",""
"passed","Mon Jul 20 07:16:05 IST 2020","Mon Jul 20 07:16:05 IST 2020","4","","Demo","Transripted_speech for english238","","","Transripted_speech for english238.mp3",""
"passed","Mon Jul 20 07:16:04 IST 2020","Mon Jul 20 07:16:04 IST 2020","4","","Demo","Transripted_speech for english86","","","Transripted_speech for english86.mp3",""
"passed","Mon Jul 20 07:16:04 IST 2020","Mon Jul 20 07:16:04 IST 2020","3","","Demo","Transripted_speech for english32","","","Transripted_speech for english32.mp3",""
"passed","Mon Jul 20 07:16:02 IST 2020","Mon Jul 20 07:16:02 IST 2020","3","","Demo","Transripted_speech for english353","","","Transripted_speech for english353.mp3",""
"passed","Mon Jul 20 07:16:02 IST 2020","Mon Jul 20 07:16:02 IST 2020","3","","Demo","Transripted_speech for english357","","","Transripted_speech for english357.mp3",""
"failed","Mon Jul 20 07:16:02 IST 2020","Mon Jul 20 07:16:02 IST 2020","4","","Demo","Transripted_speech for english141","","","Transripted_speech for english141.mp3",""
"passed","Mon Jul 20 07:16:04 IST 2020","Mon Jul 20 07:16:04 IST 2020","3","","Demo","Transripted_speech for english112","","","Transripted_speech for english112.mp3",""
"passed","Mon Jul 20 07:16:03 IST 2020","Mon Jul 20 07:16:04 IST 2020","4","","Demo","Transripted_speech for english505","","","Transripted_speech for english505.mp3",""
"passed","Mon Jul 20 07:16:04 IST 2020","Mon Jul 20 07:16:04 IST 2020","3","","Demo","Transripted_speech for english50","","","Transripted_speech for english50.mp3",""
"failed","Mon Jul 20 07:16:03 IST 2020","Mon Jul 20 07:16:03 IST 2020","4","","Demo","Transripted_speech for english152","","","Transripted_speech for english152.mp3",""
"passed","Mon Jul 20 07:16:04 IST 2020","Mon Jul 20 07:16:04 IST 2020","3","","Demo","Transripted_speech for english516","","","Transripted_speech for english516.mp3",""
"failed","Mon Jul 20 07:16:05 IST 2020","Mon Jul 20 07:16:05 IST 2020","4","","Demo","Transripted_speech for english398","","","Transripted_speech for english398.mp3",""
"passed","Mon Jul 20 07:16:04 IST 2020","Mon Jul 20 07:16:04 IST 2020","4","","Demo","Transripted_speech for english463","","","Transripted_speech for english463.mp3",""
"passed","Mon Jul 20 07:16:02 IST 2020","Mon Jul 20 07:16:02 IST 2020","3","","Demo","Transripted_speech for english184","","","Transripted_speech for english184.mp3",""
"passed","Mon Jul 20 07:16:03 IST 2020","Mon Jul 20 07:16:03 IST 2020","3","","Demo","Transripted_speech for english469","","","Transripted_speech for english469.mp3",""
"failed","Mon Jul 20 07:16:03 IST 2020","Mon Jul 20 07:16:03 IST 2020","3","","Demo","Transripted_speech for english296","","","Transripted_speech for english296.mp3",""
"passed","Mon Jul 20 07:16:03 IST 2020","Mon Jul 20 07:16:03 IST 2020","3","","Demo","Transripted_speech for english519","","","Transripted_speech for english519.mp3",""
"passed","Mon Jul 20 07:16:03 IST 2020","Mon Jul 20 07:16:03 IST 2020","4","","Demo","Transripted_speech for english281","","","Transripted_speech for english281.mp3",""
"passed","Mon Jul 20 07:16:04 IST 2020","Mon Jul 20 07:16:05 IST 2020","4","","Demo","Transripted_speech for english429","","","Transripted_speech for english429.mp3",""
"failed","Mon Jul 20 07:16:04 IST 2020","Mon Jul 20 07:16:04 IST 2020","5","","Demo","Transripted_speech for english27","","","Transripted_speech for english27.mp3",""
"passed","Mon Jul 20 07:16:03 IST 2020","Mon Jul 20 07:16:03 IST 2020","4","","Demo","Transripted_speech for english527","","","Transripted_speech for english527.mp3",""
"passed","Mon Jul 20 07:16:04 IST 2020","Mon Jul 20 07:16:04 IST 2020","3","","Demo","Transripted_speech for english51","","","Transripted_speech for english51.mp3",""
"passed","Mon Jul 20 07:16:04 IST 2020","Mon Jul 20 07:16:04 IST 2020","4","","Demo","Transripted_speech for english301","","","Transripted_speech for english301.mp3",""
"passed","Mon Jul 20 07:16:04 IST 2020","Mon Jul 20 07:16:04 IST 2020","3","","Demo","Transripted_speech for english97","","","Transripted_speech for english97.mp3",""
"failed","Mon Jul 20 07:16:05 IST 2020","Mon Jul 20 07:16:05 IST 2020","3","","Demo","Transripted_speech for english34","","","Transripted_speech for english34.mp3",""
"passed","Mon Jul 20 07:16:02 IST 2020","Mon Jul 20 07:16:02 IST 2020","3","","Demo","Transripted_speech for english368","","","Transripted_speech for english368.mp3",""
"passed","Mon Jul 20 07:16:04 IST 2020","Mon Jul 20 07:16:04 IST 2020","3","","Demo","Transripted_speech for english338","","","Transripted_speech for english338.mp3",""
"passed","Mon Jul 20 07:16:04 IST 2020","Mon Jul 20 07:16:04 IST 2020","4","","Demo","Transripted_speech for english299","","","Transripted_speech for english299.mp3",""
"failed","Mon Jul 20 07:16:03 IST 2020","Mon Jul 20 07:16:03 IST 2020","4","","Demo","Transripted_speech for english452","","","Transripted_speech for english452.mp3",""
"passed","Mon Jul 20 07:16:03 IST 2020","Mon Jul 20 07:16:03 IST 2020","4","","Demo","Transripted_speech for english497","","","Transripted_speech for english497.mp3",""
"passed","Mon Jul 20 07:16:03 IST 2020","Mon Jul 20 07:16:03 IST 2020","3","","Demo","Transripted_speech for english122","","","Transripted_speech for english122.mp3",""
"passed","Mon Jul 20 07:16:02 IST 2020","Mon Jul 20 07:16:02 IST 2020","3","","Demo","Transripted_speech for english181","","","Transripted_speech for english181.mp3",""
"passed","Mon Jul 20 07:16:04 IST 2020","Mon Jul 20 07:16:04 IST 2020","4","","Demo","Transripted_speech for english203","","","Transripted_speech for english203.mp3",""
"failed","Mon Jul 20 07:16:04 IST 2020","Mon Jul 20 07:16:04 IST 2020","4","","Demo","Transripted_speech for english215","","","Transripted_speech for english215.mp3",""
"passed","Mon Jul 20 07:16:02 IST 2020","Mon Jul 20 07:16:02 IST 2020","3","","Demo","Transripted_speech for english382","","","Transripted_speech for english382.mp3",""
"failed","Mon Jul 20 07:16:02 IST 2020","Mon Jul 20 07:16:02 IST 2020","4","","Demo","Transripted_speech for english555","","","Transripted_speech for english555.mp3",""
"passed","Mon Jul 20 07:16:03 IST 2020","Mon Jul 20 07:16:03 IST 2020","3","","Demo","Transripted_speech for english454","","","Transripted_speech for english454.mp3",""
"passed","Mon Jul 20 07:16:03 IST 2020","Mon Jul 20 07:16:03 IST 2020","3","","Demo","Transripted_speech for english114","","","Transripted_speech for english114.mp3",""
"passed","Mon Jul 20 07:16:05 IST 2020","Mon Jul 20 07:16:05 IST 2020","4","","Demo","Transripted_speech for english561","","","Transripted_speech for english561.mp3",""
"passed","Mon Jul 20 07:16:02 IST 2020","Mon Jul 20 07:16:02 IST 2020","3","","Demo","Transripted_speech for english423","","","Transripted_speech for english423.mp3",""
"passed","Mon Jul 20 07:16:04 IST 2020","Mon Jul 20 07:16:04 IST 2020","4","","Demo","Transripted_speech for english362","","","Transripted_speech for english362.mp3",""
"passed","Mon Jul 20 07:16:03 IST 2020","Mon Jul 20 07:16:03 IST 2020","4","","Demo","Transripted_speech for english534","","","Transripted_speech for english534.mp3",""
"passed","Mon Jul 20 07:16:04 IST 2020","Mon Jul 20 07:16:04 IST 2020","4","","Demo","Transripted_speech for english24","","","Transripted_speech for english24.mp3",""
"passed","Mon Jul 20 07:16:02 IST 2020","Mon Jul 20 07:16:02 IST 2020","3","","Demo","Transripted_speech for english409","","","Transripted_speech for english409.mp3",""
"passed","Mon Jul 20 07:16:05 IST 2020","Mon Jul 20 07:16:05 IST 2020","3","","Demo","Transripted_speech for english21","","","Transripted_speech for english21.mp3",""
"failed","Mon Jul 20 07:16:03 IST 2020","Mon Jul 20 07:16:03 IST 2020","4","","Demo","Transripted_speech for english224","","","Transripted_speech for english224.mp3",""
"passed","Mon Jul 20 07:16:03 IST 2020","Mon Jul 20 07:16:03 IST 2020","3","","Demo","Transripted_speech for english243","","","Transripted_speech for english243.mp3",""
"passed","Mon Jul 20 07:16:04 IST 2020","Mon Jul 20 07:16:04 IST 2020","3","","Demo","Transripted_speech for english475","","","Transripted_speech for english475.mp3",""
"passed","Mon Jul 20 07:16:05 IST 2020","Mon Jul 20 07:16:05 IST 2020","3","","Demo","Transripted_speech for english36","","","Transripted_speech for english36.mp3",""
"passed","Mon Jul 20 07:16:05 IST 2020","Mon Jul 20 07:16:05 IST 2020","3","","Demo","Transripted_speech for english400","","","Transripted_speech for english400.mp3",""
"passed","Mon Jul 20 07:16:03 IST 2020","Mon Jul 20 07:16:03 IST 2020","3","","Demo","Transripted_speech for english444","","","Transripted_speech for english444.mp3",""
"passed","Mon Jul 20 07:16:04 IST 2020","Mon Jul 20 07:16:04 IST 2020","4","","Demo","Transripted_speech for english348","","","Transripted_speech for english348.mp3",""
"passed","Mon Jul 20 07:16:04 IST 2020","Mon Jul 20 07:16:04 IST 2020","4","","Demo","Transripted_speech for english95","","","Transripted_speech for english95.mp3",""
"passed","Mon Jul 20 07:16:02 IST 2020","Mon Jul 20 07:16:02 IST 2020","3","","Demo","Transripted_speech for english579","","","Transripted_speech for english579.mp3",""
"passed","Mon Jul 20 07:16:05 IST 2020","Mon Jul 20 07:16:05 IST 2020","3","","Demo","Transripted_speech for english204","","","Transripted_speech for english204.mp3",""
"passed","Mon Jul 20 07:16:04 IST 2020","Mon Jul 20 07:16:04 IST 2020","4","","Demo","Transripted_speech for english306","","","Transripted_speech for english306.mp3",""
"failed","Mon Jul 20 07:16:05 IST 2020","Mon Jul 20 07:16:05 IST 2020","5","","Demo","Transripted_speech for english365","","","Transripted_speech for english365.mp3",""
"passed","Mon Jul 20 07:16:04 IST 2020","Mon Jul 20 07:16:04 IST 2020","4","","Demo","Transripted_speech for english30","","","Transripted_speech for english30.mp3",""
"failed","Mon Jul 20 07:16:02 IST 2020","Mon Jul 20 07:16:02 IST 2020","3","","Demo","Transripted_speech for english354","","","Transripted_speech for english354.mp3",""
"failed","Mon Jul 20 07:16:04 IST 2020","Mon Jul 20 07:16:04 IST 2020","4","","Demo","Transripted_speech for english460","","","Transripted_speech for english460.mp3",""
"passed","Mon Jul 20 07:16:02 IST 2020","Mon Jul 20 07:16:02 IST 2020","4","","Demo","Transripted_speech for english235","","","Transripted_speech for english235.mp3",""
"passed","Mon Jul 20 07:16:03 IST 2020","Mon Jul 20 07:16:03 IST 2020","3","","Demo","Transripted_speech for english436","","","Transripted_speech for english436.mp3",""
"failed","Mon Jul 20 07:16:04 IST 2020","Mon Jul 20 07:16:04 IST 2020","4","","Demo","Transripted_speech for english558","","","Transripted_speech for english558.mp3",""
"passed","Mon Jul 20 07:16:04 IST 2020","Mon Jul 20 07:16:04 IST 2020","4","","Demo","Transripted_speech for english361","","","Transripted_speech for english361.mp3",""
"passed","Mon Jul 20 07:16:03 IST 2020","Mon Jul 20 07:16:03 IST 2020","4","","Demo","Transripted_speech for english48","","","Transripted_speech for english48.mp3",""
"passed","Mon Jul 20 07:16:02 IST 2020","Mon Jul 20 07:16:02 IST 2020","3","","Demo","Transripted_speech for english179","","","Transripted_speech for english179.mp3",""
"passed","Mon Jul 20 07:16:05 IST 2020","Mon Jul 20 07:16:05 IST 2020","4","","Demo","Transripted_speech for english403","","","Transripted_speech for english403.mp3",""
"passed","Mon Jul 20 07:16:04 IST 2020","Mon Jul 20 07:16:04 IST 2020","5","","Demo","Transripted_speech for english5","","","Transripted_speech for english5.mp3",""
"passed","Mon Jul 20 07:16:02 IST 2020","Mon Jul 20 07:16:02 IST 2020","3","","Demo","Transripted_speech for english383","","","Transripted_speech for english383.mp3",""
"passed","Mon Jul 20 07:16:03 IST 2020","Mon Jul 20 07:16:03 IST 2020","3","","Demo","Transripted_speech for english279","","","Transripted_speech for english279.mp3",""
"passed","Mon Jul 20 07:16:03 IST 2020","Mon Jul 20 07:16:03 IST 2020","3","","Demo","Transripted_speech for english543","","","Transripted_speech for english543.mp3",""
"passed","Mon Jul 20 07:16:04 IST 2020","Mon Jul 20 07:16:04 IST 2020","4","","Demo","Transripted_speech for english466","","","Transripted_speech for english466.mp3",""
"passed","Mon Jul 20 07:16:04 IST 2020","Mon Jul 20 07:16:04 IST 2020","3","","Demo","Transripted_speech for english311","","","Transripted_speech for english311.mp3",""
"passed","Mon Jul 20 07:16:04 IST 2020","Mon Jul 20 07:16:04 IST 2020","4","","Demo","Transripted_speech for english507","","","Transripted_speech for english507.mp3",""
"passed","Mon Jul 20 07:16:05 IST 2020","Mon Jul 20 07:16:05 IST 2020","3","","Demo","Transripted_speech for english170","","","Transripted_speech for english170.mp3",""
"passed","Mon Jul 20 07:16:05 IST 2020","Mon Jul 20 07:16:05 IST 2020","3","","Demo","Transripted_speech for english199","","","Transripted_speech for english199.mp3",""
"passed","Mon Jul 20 07:16:04 IST 2020","Mon Jul 20 07:16:04 IST 2020","3","","Demo","Transripted_speech for english307","","","Transripted_speech for english307.mp3",""
"passed","Mon Jul 20 07:16:02 IST 2020","Mon Jul 20 07:16:02 IST 2020","3","","Demo","Transripted_speech for english379","","","Transripted_speech for english379.mp3",""
"passed","Mon Jul 20 07:16:02 IST 2020","Mon Jul 20 07:16:02 IST 2020","3","","Demo","Transripted_speech for english380","","","Transripted_speech for english380.mp3",""
"passed","Mon Jul 20 07:16:04 IST 2020","Mon Jul 20 07:16:04 IST 2020","25","","Demo","Transripted_speech for english264","","","Transripted_speech for english264.mp3",""
"passed","Mon Jul 20 07:16:04 IST 2020","Mon Jul 20 07:16:04 IST 2020","3","","Demo","Transripted_speech for english500","","","Transripted_speech for english500.mp3",""
"passed","Mon Jul 20 07:16:05 IST 2020","Mon Jul 20 07:16:05 IST 2020","3","","Demo","Transripted_speech for english364","","","Transripted_speech for english364.mp3",""
"passed","Mon Jul 20 07:16:04 IST 2020","Mon Jul 20 07:16:04 IST 2020","3","","Demo","Transripted_speech for english304","","","Transripted_speech for english304.mp3",""
"passed","Mon Jul 20 07:16:03 IST 2020","Mon Jul 20 07:16:03 IST 2020","4","","Demo","Transripted_speech for english71","","","Transripted_speech for english71.mp3",""
"passed","Mon Jul 20 07:16:04 IST 2020","Mon Jul 20 07:16:04 IST 2020","4","","Demo","Transripted_speech for english498","","","Transripted_speech for english498.mp3",""
"passed","Mon Jul 20 07:16:04 IST 2020","Mon Jul 20 07:16:04 IST 2020","3","","Demo","Transripted_speech for english413","","","Transripted_speech for english413.mp3",""
"passed","Mon Jul 20 07:16:03 IST 2020","Mon Jul 20 07:16:03 IST 2020","4","","Demo","Transripted_speech for english120","","","Transripted_speech for english120.mp3",""
"failed","Mon Jul 20 07:16:04 IST 2020","Mon Jul 20 07:16:04 IST 2020","4","","Demo","Transripted_speech for english374","","","Transripted_speech for english374.mp3",""
"passed","Mon Jul 20 07:16:02 IST 2020","Mon Jul 20 07:16:02 IST 2020","3","","Demo","Transripted_speech for english431","","","Transripted_speech for english431.mp3",""
"passed","Mon Jul 20 07:16:02 IST 2020","Mon Jul 20 07:16:02 IST 2020","4","","Demo","Transripted_speech for english356","","","Transripted_speech for english356.mp3",""
"passed","Mon Jul 20 07:16:04 IST 2020","Mon Jul 20 07:16:04 IST 2020","4","","Demo","Transripted_speech for english529","","","Transripted_speech for english529.mp3",""
"failed","Mon Jul 20 07:16:03 IST 2020","Mon Jul 20 07:16:03 IST 2020","4","","Demo","Transripted_speech for english242","","","Transripted_speech for english242.mp3",""
"failed","Mon Jul 20 07:16:04 IST 2020","Mon Jul 20 07:16:04 IST 2020","5","","Demo","Transripted_speech for english85","","","Transripted_speech for english85.mp3",""
"passed","Mon Jul 20 07:16:03 IST 2020","Mon Jul 20 07:16:03 IST 2020","3","","Demo","Transripted_speech for english294","","","Transripted_speech for english294.mp3",""
"passed","Mon Jul 20 07:16:05 IST 2020","Mon Jul 20 07:16:05 IST 2020","3","","Demo","Transripted_speech for english23","","","Transripted_speech for english23.mp3",""
"failed","Mon Jul 20 07:16:03 IST 2020","Mon Jul 20 07:16:03 IST 2020","4","","Demo","Transripted_speech for english320","","","Transripted_speech for english320.mp3",""
"failed","Mon Jul 20 07:16:04 IST 2020","Mon Jul 20 07:16:04 IST 2020","4","","Demo","Transripted_speech for english69","","","Transripted_speech for english69.mp3",""
"failed","Mon Jul 20 07:16:04 IST 2020","Mon Jul 20 07:16:04 IST 2020","4","","Demo","Transripted_speech for english489","","","Transripted_speech for english489.mp3",""
"failed","Mon Jul 20 07:16:05 IST 2020","Mon Jul 20 07:16:05 IST 2020","5","","Demo","Transripted_speech for english399","","","Transripted_speech for english399.mp3",""
"passed","Mon Jul 20 07:16:05 IST 2020","Mon Jul 20 07:16:05 IST 2020","4","","Demo","Transripted_speech for english22","","","Transripted_speech for english22.mp3",""
"passed","Mon Jul 20 07:16:03 IST 2020","Mon Jul 20 07:16:03 IST 2020","3","","Demo","Transripted_speech for english245","","","Transripted_speech for english245.mp3",""
"passed","Mon Jul 20 07:16:02 IST 2020","Mon Jul 20 07:16:02 IST 2020","4","","Demo","Transripted_speech for english208","","","Transripted_speech for english208.mp3",""
"failed","Mon Jul 20 07:16:03 IST 2020","Mon Jul 20 07:16:03 IST 2020","3","","Demo","Transripted_speech for english283","","","Transripted_speech for english283.mp3",""
"failed","Mon Jul 20 07:16:03 IST 2020","Mon Jul 20 07:16:03 IST 2020","3","","Demo","Transripted_speech for english230","","","Transripted_speech for english230.mp3",""
"passed","Mon Jul 20 07:16:03 IST 2020","Mon Jul 20 07:16:03 IST 2020","4","","Demo","Transripted_speech for english76","","","Transripted_speech for english76.mp3",""
"passed","Mon Jul 20 07:16:04 IST 2020","Mon Jul 20 07:16:04 IST 2020","3","","Demo","Transripted_speech for english56","","","Transripted_speech for english56.mp3",""
"passed","Mon Jul 20 07:16:04 IST 2020","Mon Jul 20 07:16:04 IST 2020","4","","Demo","Transripted_speech for english511","","","Transripted_speech for english511.mp3",""
"passed","Mon Jul 20 07:16:04 IST 2020","Mon Jul 20 07:16:04 IST 2020","3","","Demo","Transripted_speech for english94","","","Transripted_speech for english94.mp3",""
"passed","Mon Jul 20 07:16:04 IST 2020","Mon Jul 20 07:16:04 IST 2020","3","","Demo","Transripted_speech for english41","","","Transripted_speech for english41.mp3",""
"passed","Mon Jul 20 07:16:05 IST 2020","Mon Jul 20 07:16:05 IST 2020","3","","Demo","Transripted_speech for english239","","","Transripted_speech for english239.mp3",""
"passed","Mon Jul 20 07:16:02 IST 2020","Mon Jul 20 07:16:02 IST 2020","4","","Demo","Transripted_speech for english345","","","Transripted_speech for english345.mp3",""
"passed","Mon Jul 20 07:16:02 IST 2020","Mon Jul 20 07:16:02 IST 2020","3","","Demo","Transripted_speech for english147","","","Transripted_speech for english147.mp3",""
"passed","Mon Jul 20 07:16:04 IST 2020","Mon Jul 20 07:16:04 IST 2020","3","","Demo","Transripted_speech for english571","","","Transripted_speech for english571.mp3",""
"passed","Mon Jul 20 07:16:04 IST 2020","Mon Jul 20 07:16:04 IST 2020","3","","Demo","Transripted_speech for english373","","","Transripted_speech for english373.mp3",""
"passed","Mon Jul 20 07:16:03 IST 2020","Mon Jul 20 07:16:03 IST 2020","4","","Demo","Transripted_speech for english378","","","Transripted_speech for english378.mp3",""
"passed","Mon Jul 20 07:16:02 IST 2020","Mon Jul 20 07:16:02 IST 2020","3","","Demo","Transripted_speech for english197","","","Transripted_speech for english197.mp3",""
"passed","Mon Jul 20 07:16:05 IST 2020","Mon Jul 20 07:16:05 IST 2020","3","","Demo","Transripted_speech for english370","","","Transripted_speech for english370.mp3",""
"passed","Mon Jul 20 07:16:04 IST 2020","Mon Jul 20 07:16:04 IST 2020","4","","Demo","Transripted_speech for english228","","","Transripted_speech for english228.mp3",""
"passed","Mon Jul 20 07:16:04 IST 2020","Mon Jul 20 07:16:04 IST 2020","4","","Demo","Transripted_speech for english459","","","Transripted_speech for english459.mp3",""
"failed","Mon Jul 20 07:16:04 IST 2020","Mon Jul 20 07:16:04 IST 2020","4","","Demo","Transripted_speech for english129","","","Transripted_speech for english129.mp3",""
"passed","Mon Jul 20 07:16:04 IST 2020","Mon Jul 20 07:16:04 IST 2020","3","","Demo","Transripted_speech for english539","","","Transripted_speech for english539.mp3",""
"passed","Mon Jul 20 07:16:04 IST 2020","Mon Jul 20 07:16:04 IST 2020","3","","Demo","Transripted_speech for english512","","","Transripted_speech for english512.mp3",""
"passed","Mon Jul 20 07:16:03 IST 2020","Mon Jul 20 07:16:03 IST 2020","3","","Demo","Transripted_speech for english98","","","Transripted_speech for english98.mp3",""
"passed","Mon Jul 20 07:16:03 IST 2020","Mon Jul 20 07:16:03 IST 2020","5","","Demo","Transripted_speech for english247","","","Transripted_speech for english247.mp3",""
"passed","Mon Jul 20 07:16:03 IST 2020","Mon Jul 20 07:16:03 IST 2020","4","","Demo","Transripted_speech for english316","","","Transripted_speech for english316.mp3",""
"passed","Mon Jul 20 07:16:03 IST 2020","Mon Jul 20 07:16:03 IST 2020","4","","Demo","Transripted_speech for english291","","","Transripted_speech for english291.mp3",""
